JvmtiExport can_access_local_variables 1
JvmtiExport can_hotswap_or_post_breakpoint 1
JvmtiExport can_post_on_exceptions 1
# 274 ciObject found
ciInstanceKlass java/lang/Cloneable 1 0 7 100 1 100 1 1 1
instanceKlass org/gradle/internal/remote/internal/inet/SocketConnection$1
instanceKlass org/gradle/process/internal/worker/DefaultWorkerProcess$2
instanceKlass org/gradle/execution/plan/DefaultPlanExecutor$ExecutorState$HealthState
instanceKlass java/time/Instant$1
instanceKlass org/gradle/internal/remote/internal/hub/DefaultMethodArgsSerializer$EmptyArraySerializer
instanceKlass org/gradle/workers/internal/WorkerDaemonExpiration$SimpleMemoryExpirationSelector
instanceKlass java/lang/invoke/MethodHandleImpl$CountingWrapper$1
instanceKlass org/gradle/api/internal/file/collections/FileSystemMirroringFileTree
instanceKlass org/gradle/internal/instrumentation/api/groovybytecode/InvocationUtils
instanceKlass org/gradle/internal/instrumentation/api/groovybytecode/MethodHandleInvocation
instanceKlass org/gradle/process/internal/DefaultJavaExecAction
instanceKlass org/gradle/jvm/toolchain/internal/JavaExecutableUtils
instanceKlass org/gradle/api/internal/provider/Collectors$SingleElement
instanceKlass org/codehaus/groovy/runtime/ScriptBytecodeAdapter
instanceKlass org/gradle/internal/classpath/declarations/GroovyDynamicDispatchInterceptors
instanceKlass org/codehaus/groovy/runtime/memoize/EvictableCache$Action
instanceKlass java/util/WeakHashMap$HashIterator
instanceKlass java/util/function/BooleanSupplier
instanceKlass jdk/internal/jrtfs/JrtDirectoryStream$1
instanceKlass jdk/internal/jrtfs/JrtDirectoryStream
instanceKlass jdk/internal/jrtfs/JrtFileAttributes
instanceKlass jdk/internal/jimage/ImageReader$SharedImageReader$LocationVisitor
instanceKlass jdk/internal/jimage/ImageReader$Node
instanceKlass jdk/internal/jrtfs/SystemImage$2
instanceKlass jdk/internal/jrtfs/SystemImage
instanceKlass jdk/internal/jrtfs/JrtPath
instanceKlass groovy/beans/ListenerList
instanceKlass jdk/nio/zipfs/ZipDirectoryStream$1
instanceKlass jdk/nio/zipfs/ZipDirectoryStream
instanceKlass jdk/nio/zipfs/ZipUtils
instanceKlass java/nio/file/SimpleFileVisitor
instanceKlass jdk/nio/zipfs/ZipFileSystem$END
instanceKlass jdk/nio/zipfs/ZipConstants
instanceKlass java/nio/file/attribute/PosixFileAttributeView
instanceKlass jdk/nio/zipfs/ZipFileAttributeView
instanceKlass jdk/nio/zipfs/ZipPath
instanceKlass jdk/nio/zipfs/ZipCoder
instanceKlass sun/nio/fs/WindowsSecurity
instanceKlass sun/nio/fs/AbstractAclFileAttributeView
instanceKlass java/nio/file/attribute/AclFileAttributeView
instanceKlass java/nio/file/attribute/FileOwnerAttributeView
instanceKlass java/nio/file/attribute/PosixFileAttributes
instanceKlass jdk/nio/zipfs/ZipFileAttributes
instanceKlass jdk/nio/zipfs/ZipFileSystem$IndexNode
instanceKlass sun/nio/fs/WindowsLinkSupport
instanceKlass java/util/AbstractMap$SimpleEntry
instanceKlass jdk/internal/jimage/ImageBufferCache$2
instanceKlass jdk/internal/jimage/ImageBufferCache
instanceKlass java/nio/channels/AsynchronousFileChannel
instanceKlass java/nio/channels/AsynchronousChannel
instanceKlass java/nio/file/FileStore
instanceKlass java/nio/file/spi/FileSystemProvider$1
instanceKlass sun/nio/fs/WindowsUriSupport
instanceKlass org/codehaus/groovy/vmplugin/v9/ClassFinder
instanceKlass org/codehaus/groovy/GroovyExceptionInterface
instanceKlass groovy/lang/GroovyClassLoader$1
instanceKlass org/codehaus/groovy/runtime/memoize/CommonCache
instanceKlass java/util/concurrent/locks/StampedLock
instanceKlass org/codehaus/groovy/runtime/memoize/StampedCommonCache
instanceKlass org/codehaus/groovy/runtime/memoize/ValueConvertable
instanceKlass org/codehaus/groovy/control/CompilationUnit$IPrimaryClassNodeOperation
instanceKlass org/codehaus/groovy/control/CompilationUnit$PhaseOperation
instanceKlass org/codehaus/groovy/control/CompilationUnit$ClassgenCallback
instanceKlass org/codehaus/groovy/runtime/memoize/UnlimitedConcurrentCache
instanceKlass org/codehaus/groovy/runtime/memoize/EvictableCache
instanceKlass org/codehaus/groovy/control/ProcessingUnit
instanceKlass org/codehaus/groovy/control/messages/Message
instanceKlass org/codehaus/groovy/ast/stmt/LoopingStatement
instanceKlass org/codehaus/groovy/ast/CodeVisitorSupport
instanceKlass org/codehaus/groovy/ast/GroovyCodeVisitor
instanceKlass org/codehaus/groovy/ast/GroovyClassVisitor
instanceKlass org/codehaus/groovy/transform/ErrorCollecting
instanceKlass org/codehaus/groovy/ast/expr/ExpressionTransformer
instanceKlass org/codehaus/groovy/runtime/FormatHelper
instanceKlass groovyjarjarasm/asm/Type
instanceKlass groovy/transform/Sealed
instanceKlass org/apache/groovy/util/concurrent/ConcurrentReferenceHashMap$KeyReference
instanceKlass org/codehaus/groovy/ast/ClassNode$MapOfLists
instanceKlass org/apache/groovy/util/concurrent/ConcurrentReferenceHashMap$HashEntry
instanceKlass org/codehaus/groovy/ast/ClassHelper$ClassHelperCache
instanceKlass org/codehaus/groovy/runtime/GeneratedLambda
instanceKlass org/codehaus/groovy/ast/ClassHelper
instanceKlass org/codehaus/groovy/classgen/asm/util/TypeUtil
instanceKlass jdk/internal/ValueBased
instanceKlass org/codehaus/groovy/runtime/callsite/AbstractCallSite
instanceKlass java/util/stream/Streams$RangeIntSpliterator
instanceKlass org/codehaus/groovy/runtime/callsite/BooleanReturningMethodInvoker
instanceKlass sun/reflect/generics/tree/BooleanSignature
instanceKlass sun/net/spi/DefaultProxySelector$3
instanceKlass sun/net/spi/DefaultProxySelector$NonProxyInfo
instanceKlass sun/net/spi/DefaultProxySelector$1
instanceKlass java/net/Proxy
instanceKlass java/net/ProxySelector
instanceKlass java/net/SocksSocketImpl$3
instanceKlass java/net/SocksConsts
instanceKlass sun/net/PlatformSocketImpl
instanceKlass org/gradle/internal/metaobject/InstrumentedMetaClass
instanceKlass org/gradle/internal/classpath/intercept/CallInterceptorResolver$ClosureCallInterceptorResolver
instanceKlass org/codehaus/groovy/vmplugin/v8/TypeHelper
instanceKlass com/intellij/openapi/externalSystem/rt/execution/ForkedDebuggerHelper
instanceKlass org/codehaus/groovy/syntax/Types
instanceKlass org/codehaus/groovy/syntax/CSTNode
instanceKlass org/codehaus/groovy/ast/expr/MethodCall
instanceKlass org/codehaus/groovy/ast/tools/GeneralUtils
instanceKlass it/unimi/dsi/fastutil/ints/IntBinaryOperator
instanceKlass it/unimi/dsi/fastutil/objects/Object2IntMap$FastEntrySet
instanceKlass it/unimi/dsi/fastutil/objects/AbstractObject2IntFunction
instanceKlass it/unimi/dsi/fastutil/objects/Object2IntMap
instanceKlass it/unimi/dsi/fastutil/objects/Object2IntFunction
instanceKlass org/gradle/internal/classpath/DefaultInstrumentedClosuresTracker
instanceKlass org/gradle/internal/classpath/PerThreadInstrumentedClosuresTracker
instanceKlass org/gradle/internal/classpath/InstrumentedClosuresTracker
instanceKlass org/gradle/internal/classpath/InstrumentedClosuresHelper
instanceKlass it/unimi/dsi/fastutil/objects/ObjectIterators$EmptyIterator
instanceKlass it/unimi/dsi/fastutil/objects/ObjectList
instanceKlass it/unimi/dsi/fastutil/objects/ObjectIterators
instanceKlass org/gradle/internal/execution/steps/AbstractCaptureStateBeforeExecutionStep$1
instanceKlass groovy/transform/Internal
instanceKlass com/google/errorprone/annotations/concurrent/LazyInit
instanceKlass org/gradle/api/internal/tasks/TaskExecuterResult$1
instanceKlass org/gradle/internal/execution/history/impl/FileSystemSnapshotSerializer$1$1
instanceKlass org/gradle/internal/snapshot/RootTrackingFileSystemSnapshotHierarchyVisitor
instanceKlass org/gradle/internal/snapshot/impl/GradleSerializedValueSnapshot
instanceKlass org/gradle/internal/fingerprint/CurrentFileCollectionFingerprint$ArchivedFileCollectionFingerprintFactory
instanceKlass com/google/common/collect/Maps$EntryTransformer
instanceKlass org/gradle/internal/execution/steps/StoreExecutionStateStep$DefaultAfterExecutionState
instanceKlass sun/nio/fs/WindowsFileCopy
instanceKlass org/gradle/caching/internal/controller/service/OpFiringLocalBuildCacheServiceHandle$LocalStoreDetails
instanceKlass org/gradle/caching/internal/operations/BuildCacheLocalStoreBuildOperationType$Details
instanceKlass org/gradle/caching/internal/controller/service/OpFiringLocalBuildCacheServiceHandle$3
instanceKlass org/gradle/caching/internal/controller/operations/PackOperationResult
instanceKlass org/gradle/caching/internal/operations/BuildCacheArchivePackBuildOperationType$Result
instanceKlass org/gradle/caching/internal/packaging/BuildCacheEntryPacker$PackResult
instanceKlass jdk/internal/access/foreign/MemorySegmentProxy
instanceKlass org/apache/commons/io/IOUtils
instanceKlass org/gradle/caching/internal/packaging/impl/TarBuildCacheEntryPacker$1
instanceKlass org/gradle/caching/internal/packaging/impl/TarBuildCacheEntryPacker$PackingVisitor$1
instanceKlass java/net/URLEncoder
instanceKlass org/gradle/caching/internal/packaging/impl/TarBuildCacheEntryPacker$PackingVisitor
instanceKlass org/apache/commons/compress/archivers/tar/TarUtils$1
instanceKlass org/apache/commons/compress/archivers/tar/TarUtils
instanceKlass java/nio/file/attribute/FileTime$1
instanceKlass org/apache/commons/compress/utils/TimeUtils
instanceKlass java/time/Clock
instanceKlass java/time/InstantSource
instanceKlass org/apache/commons/compress/utils/IOUtils
instanceKlass org/apache/commons/compress/archivers/tar/TarArchiveEntry
instanceKlass org/apache/commons/compress/archivers/EntryStreamOffsets
instanceKlass org/apache/commons/compress/archivers/tar/TarConstants
instanceKlass sun/nio/cs/Surrogate
instanceKlass sun/nio/cs/Surrogate$Parser
instanceKlass org/apache/commons/compress/utils/FixedLengthBlockOutputStream$BufferAtATimeOutputChannel
instanceKlass org/apache/commons/io/Charsets
instanceKlass org/apache/commons/compress/archivers/zip/NioZipEncoding
instanceKlass org/apache/commons/compress/archivers/zip/CharsetAccessor
instanceKlass org/apache/commons/compress/archivers/zip/ZipEncoding
instanceKlass org/apache/commons/compress/archivers/zip/ZipEncodingHelper
instanceKlass org/apache/commons/compress/archivers/ArchiveEntry
instanceKlass java/util/zip/Deflater$DeflaterZStreamRef
instanceKlass java/util/zip/Deflater
instanceKlass org/gradle/caching/internal/origin/OriginWriter
instanceKlass org/gradle/caching/internal/controller/operations/PackOperationDetails
instanceKlass org/gradle/caching/internal/operations/BuildCacheArchivePackBuildOperationType$Details
instanceKlass org/gradle/caching/internal/controller/DefaultBuildCacheController$PackOperationExecutor$3
instanceKlass sun/nio/fs/WindowsChannelFactory$2
instanceKlass java/nio/file/TempFileHelper
instanceKlass org/gradle/internal/execution/steps/CaptureOutputsAfterExecutionStep$Operation$Result$1
instanceKlass org/gradle/internal/execution/steps/CaptureOutputsAfterExecutionStep$Operation$Result
instanceKlass org/gradle/internal/execution/steps/CaptureOutputsAfterExecutionStep$Operation$Details$1
instanceKlass org/gradle/internal/execution/steps/CaptureOutputsAfterExecutionStep$Operation$Details
instanceKlass org/gradle/internal/execution/steps/ExecuteStep$Operation$Result$1
instanceKlass org/gradle/internal/execution/steps/ExecuteStep$Operation$Result
instanceKlass org/gradle/internal/execution/steps/ExecuteStep$ExecutionResultImpl
instanceKlass org/gradle/internal/execution/steps/ExecuteStep$3
instanceKlass org/gradle/api/internal/tasks/execution/TaskExecution$2
instanceKlass org/gradle/api/internal/tasks/compile/CompileJavaBuildOperationReportingCompiler$Result
instanceKlass it/unimi/dsi/fastutil/ints/IntOpenHashSet$SetIterator
instanceKlass org/gradle/api/internal/tasks/compile/incremental/recomp/PreviousCompilationData
instanceKlass org/gradle/api/internal/tasks/compile/incremental/compilerapi/CompilerApiData
instanceKlass org/gradle/api/internal/tasks/compile/incremental/compilerapi/constants/ConstantToDependentsMappingMerger
instanceKlass org/gradle/api/internal/tasks/compile/incremental/processing/AnnotationProcessingData
instanceKlass com/google/common/collect/AbstractMapBasedMultimap$AsMap$AsMapIterator
instanceKlass com/google/common/collect/Lists$ReverseList$1
instanceKlass org/gradle/api/internal/tasks/compile/incremental/compilerapi/deps/DependentsSet$1
instanceKlass org/gradle/internal/hash/HashCode$1
instanceKlass java/util/DualPivotQuicksort
instanceKlass org/gradle/api/internal/tasks/compile/incremental/recomp/CurrentCompilationAccess$CreateSnapshot
instanceKlass org/gradle/api/internal/tasks/compile/incremental/compilerapi/deps/DependentsSet
instanceKlass org/gradle/api/internal/tasks/compile/incremental/deps/ClassSetAnalysisData
instanceKlass it/unimi/dsi/fastutil/ints/IntIterators$EmptyIterator
instanceKlass it/unimi/dsi/fastutil/ints/IntList
instanceKlass it/unimi/dsi/fastutil/ints/IntListIterator
instanceKlass it/unimi/dsi/fastutil/ints/IntIterators
instanceKlass org/objectweb/asm/ConstantDynamic
instanceKlass org/objectweb/asm/signature/SignatureReader
instanceKlass org/objectweb/asm/Context
instanceKlass org/gradle/api/internal/initialization/transform/utils/ClassAnalysisUtils
instanceKlass org/gradle/api/internal/tasks/compile/incremental/asm/ClassRelevancyFilter
instanceKlass org/objectweb/asm/ClassReader
instanceKlass it/unimi/dsi/fastutil/ints/IntCollections$UnmodifiableCollection
instanceKlass it/unimi/dsi/fastutil/ints/IntArrays$ArrayHashStrategy
instanceKlass it/unimi/dsi/fastutil/ints/IntArrays$Segment
instanceKlass it/unimi/dsi/fastutil/ints/IntArrays
instanceKlass it/unimi/dsi/fastutil/ints/IntBidirectionalIterator
instanceKlass it/unimi/dsi/fastutil/ints/IntSets
instanceKlass org/gradle/api/internal/tasks/compile/incremental/deps/IntSetSerializer
instanceKlass org/gradle/api/internal/tasks/compile/incremental/deps/ClassAnalysis
instanceKlass kotlin/sequences/GeneratorSequence$iterator$1
instanceKlass kotlin/sequences/GeneratorSequence
instanceKlass org/gradle/problems/internal/impl/DefaultProblemsReportCreatorKt
instanceKlass org/gradle/api/internal/tasks/compile/incremental/classpath/DefaultClassSetAnalyzer$EntryVisitor
instanceKlass org/gradle/internal/configuration/problems/PropertyProblemKt
instanceKlass org/gradle/api/problems/LineInFileLocation
instanceKlass org/gradle/api/internal/tasks/compile/incremental/deps/ClassDependentsAccumulator
instanceKlass org/gradle/api/internal/tasks/compile/incremental/RecompilationNotNecessary
instanceKlass org/gradle/api/problems/internal/StackTraceLocation
instanceKlass org/gradle/api/internal/tasks/compile/incremental/recomp/IncrementalCompilationResult
instanceKlass org/gradle/internal/cc/impl/problems/JsonWriter$JsonObject
instanceKlass org/gradle/api/tasks/WorkResults
instanceKlass org/gradle/process/internal/worker/request/Receiver$Failure
instanceKlass org/gradle/operations/problems/FileLocation
instanceKlass org/gradle/operations/problems/ProblemLocation
instanceKlass org/gradle/operations/problems/ProblemDefinition
instanceKlass org/gradle/api/problems/internal/BuildOperationProblem
instanceKlass org/gradle/operations/problems/Problem
instanceKlass org/gradle/api/problems/internal/DefaultProblemProgressDetails
instanceKlass org/gradle/operations/problems/ProblemUsageProgressDetails
instanceKlass org/gradle/api/problems/internal/ProblemProgressDetails
instanceKlass org/gradle/internal/configuration/problems/CommonReport$State$Spooling$onDiagnostic$1
instanceKlass org/gradle/internal/configuration/problems/CommonReport$State$Spooling$1
instanceKlass org/gradle/internal/cc/impl/problems/HtmlReportWriter
instanceKlass com/fasterxml/jackson/core/util/JacksonFeatureSet
instanceKlass com/fasterxml/jackson/core/JsonStreamContext
instanceKlass com/fasterxml/jackson/core/PrettyPrinter
instanceKlass com/fasterxml/jackson/core/util/BufferRecycler
instanceKlass com/fasterxml/jackson/core/util/BufferRecyclers
instanceKlass com/fasterxml/jackson/core/util/TextBuffer
instanceKlass com/fasterxml/jackson/core/io/IOContext
instanceKlass com/fasterxml/jackson/core/io/ContentReference
instanceKlass com/fasterxml/jackson/core/sym/CharsToNameCanonicalizer$Bucket
instanceKlass com/fasterxml/jackson/core/sym/CharsToNameCanonicalizer$TableInfo
instanceKlass com/fasterxml/jackson/core/sym/CharsToNameCanonicalizer
instanceKlass com/fasterxml/jackson/core/ErrorReportConfiguration
instanceKlass com/fasterxml/jackson/core/StreamWriteConstraints
instanceKlass com/fasterxml/jackson/core/StreamReadConstraints
instanceKlass com/fasterxml/jackson/core/util/RecyclerPool$WithPool
instanceKlass com/fasterxml/jackson/core/util/RecyclerPool$ThreadLocalPoolBase
instanceKlass com/fasterxml/jackson/core/util/RecyclerPool
instanceKlass com/fasterxml/jackson/core/util/JsonRecyclerPools
instanceKlass com/fasterxml/jackson/core/sym/ByteQuadsCanonicalizer$TableInfo
instanceKlass com/fasterxml/jackson/core/sym/ByteQuadsCanonicalizer
instanceKlass com/fasterxml/jackson/core/io/CharTypes
instanceKlass com/fasterxml/jackson/core/io/JsonStringEncoder
instanceKlass com/fasterxml/jackson/core/io/SerializedString
instanceKlass com/fasterxml/jackson/core/util/JacksonFeature
instanceKlass com/fasterxml/jackson/core/async/ByteArrayFeeder
instanceKlass com/fasterxml/jackson/core/async/ByteBufferFeeder
instanceKlass com/fasterxml/jackson/core/async/NonBlockingInputFeeder
instanceKlass com/fasterxml/jackson/core/JsonGenerator
instanceKlass com/fasterxml/jackson/core/JsonParser
instanceKlass com/fasterxml/jackson/core/TSFBuilder
instanceKlass com/fasterxml/jackson/core/SerializableString
instanceKlass com/fasterxml/jackson/core/TokenStreamFactory
instanceKlass com/fasterxml/jackson/core/Versioned
instanceKlass org/gradle/internal/cc/impl/problems/JsonWriter
instanceKlass org/gradle/internal/cc/impl/problems/JsonModelWriter
instanceKlass org/gradle/internal/cc/impl/problems/HtmlReportTemplate
instanceKlass kotlin/io/TextStreamsKt
instanceKlass kotlin/text/Charsets
instanceKlass org/gradle/api/internal/tasks/compile/incremental/compilerapi/constants/ConstantToDependentsMapping
instanceKlass org/gradle/internal/configuration/problems/HtmlReportTemplateLoaderKt
instanceKlass org/gradle/internal/configuration/problems/HtmlReportTemplateLoader
instanceKlass org/gradle/api/internal/tasks/compile/incremental/compilerapi/constants/ConstantToDependentsMappingBuilder
instanceKlass java/util/HashMap$UnsafeHolder
instanceKlass kotlin/text/_OneToManyTitlecaseMappingsKt
instanceKlass org/gradle/api/internal/tasks/compile/incremental/compilerapi/deps/GeneratedResource
instanceKlass org/gradle/internal/extensions/stdlib/CharSequenceExtensionsKt
instanceKlass org/gradle/problems/internal/impl/JsonProblemWriter
instanceKlass org/gradle/api/internal/tasks/compile/incremental/compilerapi/constants/ConstantsAnalysisResult
instanceKlass org/gradle/api/problems/internal/DefaultTaskLocation
instanceKlass org/gradle/api/problems/internal/TaskLocation
instanceKlass org/gradle/api/internal/tasks/compile/incremental/processing/AnnotationProcessingResult
instanceKlass it/unimi/dsi/fastutil/ints/IntSpliterator
instanceKlass it/unimi/dsi/fastutil/ints/IntIterator
instanceKlass java/util/PrimitiveIterator$OfInt
instanceKlass java/util/PrimitiveIterator
instanceKlass org/gradle/problems/internal/services/ProblemSummaryInfo
instanceKlass org/gradle/api/problems/internal/DefaultFileLocation
instanceKlass org/gradle/api/problems/FileLocation
instanceKlass org/gradle/internal/serialize/ExceptionPlaceholder
instanceKlass java/io/ObjectInputStream$GetField
instanceKlass jdk/internal/access/JavaObjectInputFilterAccess
instanceKlass java/io/ObjectInputFilter$Config$BuiltinFilterFactory
instanceKlass java/io/ObjectInputFilter
instanceKlass sun/util/logging/PlatformLogger$ConfigurableBridge$LoggerConfiguration
instanceKlass jdk/internal/logger/LoggerFinderLoader
instanceKlass jdk/internal/logger/LazyLoggers$LazyLoggerFactories
instanceKlass jdk/internal/logger/LazyLoggers$1
instanceKlass jdk/internal/logger/LazyLoggers
instanceKlass java/io/ObjectInputFilter$Config
instanceKlass java/io/ObjectInputStream$ValidationList
instanceKlass java/io/ObjectInputStream$HandleTable$HandleList
instanceKlass java/io/ObjectInputStream$HandleTable
instanceKlass jdk/internal/access/JavaObjectInputStreamReadString
instanceKlass jdk/internal/access/JavaObjectInputStreamAccess
instanceKlass org/gradle/internal/remote/internal/hub/JavaSerializationBackedMethodArgsSerializer$ArraySerializer
instanceKlass org/gradle/process/internal/health/memory/JvmMemoryStatusSnapshot
instanceKlass org/gradle/process/internal/health/memory/OsMemoryStatusAspect$Unavailable
instanceKlass org/gradle/workers/internal/HierarchicalClassLoaderStructure
instanceKlass org/gradle/internal/serialize/Encoder$EncodeAction
instanceKlass org/gradle/internal/remote/internal/hub/DefaultMethodArgsSerializer$ArraySerializer
instanceKlass org/gradle/internal/remote/internal/hub/MethodInvocationSerializer$MethodDetails
instanceKlass org/gradle/internal/remote/internal/hub/queue/MultiEndPointQueue$1
instanceKlass org/gradle/workers/internal/AbstractWorker$Details
instanceKlass org/gradle/workers/internal/AbstractWorker$1
instanceKlass org/gradle/workers/internal/DefaultWorkResult
instanceKlass org/gradle/workers/internal/AbstractWorker$Work
instanceKlass org/gradle/internal/remote/internal/hub/MessageHub$ConnectionReceive
instanceKlass org/gradle/internal/remote/internal/hub/MessageHub$ConnectionDispatch
instanceKlass org/gradle/internal/remote/internal/hub/ConnectionState
instanceKlass org/gradle/internal/serialize/kryo/TypeSafeSerializer$2
instanceKlass org/gradle/internal/remote/internal/hub/MethodInvocationSerializer$MethodInvocationWriter
instanceKlass org/gradle/internal/remote/internal/hub/InterHubMessageSerializer$MessageWriter
instanceKlass org/gradle/internal/serialize/kryo/TypeSafeSerializer$1
instanceKlass org/gradle/internal/remote/internal/hub/MethodInvocationSerializer$MethodInvocationReader
instanceKlass org/gradle/internal/remote/internal/hub/InterHubMessageSerializer$MessageReader
instanceKlass org/gradle/internal/remote/internal/hub/MethodInvocationSerializer
instanceKlass org/gradle/internal/serialize/kryo/TypeSafeSerializer
instanceKlass org/gradle/internal/remote/internal/hub/InterHubMessageSerializer
instanceKlass org/gradle/internal/remote/internal/hub/JavaSerializationBackedMethodArgsSerializer
instanceKlass org/gradle/internal/remote/internal/hub/DefaultMethodArgsSerializer
instanceKlass org/gradle/internal/concurrent/ThreadSafe
instanceKlass org/gradle/internal/remote/internal/hub/MessageHub$ChannelDispatch
instanceKlass org/gradle/process/internal/worker/request/RequestArgumentSerializers$JavaObjectSerializer
instanceKlass org/gradle/process/internal/worker/request/RequestSerializer
instanceKlass org/gradle/process/internal/worker/request/RequestSerializerRegistry
instanceKlass org/gradle/process/internal/worker/WorkerJvmMemoryInfoSerializer$JvmMemoryStatusSerializer
instanceKlass org/gradle/process/internal/worker/WorkerJvmMemoryInfoSerializer
instanceKlass org/gradle/internal/remote/internal/hub/MessageHub$Handler
instanceKlass org/gradle/internal/remote/internal/hub/queue/EndPointQueue
instanceKlass org/gradle/internal/remote/internal/hub/protocol/ChannelIdentifier
instanceKlass org/gradle/internal/remote/internal/hub/MessageHubBackedObjectConnection$DispatchWrapper
instanceKlass org/gradle/process/internal/worker/WorkerLoggingSerializer
instanceKlass org/gradle/internal/remote/internal/hub/MessageHubBackedObjectConnection$2
instanceKlass org/gradle/internal/remote/internal/hub/ConnectionSet
instanceKlass org/gradle/internal/remote/internal/hub/protocol/Routable
instanceKlass org/gradle/internal/remote/internal/hub/queue/MultiEndPointQueue
instanceKlass org/gradle/internal/remote/internal/hub/queue/QueueInitializer
instanceKlass org/gradle/internal/remote/internal/hub/protocol/InterHubMessage
instanceKlass org/gradle/internal/remote/internal/hub/queue/MultiChannelQueue
instanceKlass org/gradle/internal/remote/internal/hub/MessageHub$Discard
instanceKlass org/gradle/internal/dispatch/BoundedDispatch
instanceKlass org/gradle/internal/remote/internal/hub/RejectedMessageListener
instanceKlass org/gradle/internal/remote/internal/hub/MessageHub
instanceKlass org/gradle/internal/remote/internal/hub/MessageHubBackedObjectConnection$1
instanceKlass org/gradle/internal/remote/internal/hub/MethodArgsSerializer
instanceKlass org/gradle/internal/remote/internal/hub/MessageHubBackedObjectConnection
instanceKlass org/gradle/util/internal/DisconnectableInputStream$1
instanceKlass org/gradle/util/internal/DisconnectableInputStream$ThreadExecuter
instanceKlass org/gradle/process/internal/worker/DefaultWorkerProblemProtocol
instanceKlass org/gradle/process/internal/worker/DefaultWorkerLoggingProtocol
instanceKlass org/gradle/process/internal/worker/request/Receiver
instanceKlass org/gradle/process/internal/worker/DefaultMultiRequestWorkerProcessBuilder$1
instanceKlass org/gradle/process/internal/health/memory/MemoryAmount
instanceKlass org/gradle/process/internal/worker/DefaultWorkerProcessBuilder$MemoryRequestingWorkerProcess
instanceKlass org/gradle/process/internal/worker/DefaultWorkerProcess$1
instanceKlass java/util/stream/ReduceOps$2ReducingSink
instanceKlass org/gradle/process/internal/util/LongCommandLineDetectionUtil
instanceKlass org/gradle/internal/jvm/JpmsConfiguration
instanceKlass org/gradle/process/internal/streams/ForwardStdinStreamsHandler
instanceKlass org/gradle/process/internal/worker/WorkerProcessContext
instanceKlass org/gradle/process/internal/worker/request/Request
instanceKlass org/gradle/process/internal/worker/child/WorkerLogEventListener
instanceKlass org/gradle/process/internal/worker/request/ResponseProtocol
instanceKlass org/gradle/process/internal/worker/problem/WorkerProblemProtocol
instanceKlass org/gradle/process/internal/worker/messaging/WorkerConfigSerializer
instanceKlass org/gradle/process/internal/worker/messaging/WorkerConfig
instanceKlass org/gradle/internal/process/ArgWriter
instanceKlass org/gradle/internal/process/ArgCollector
instanceKlass org/gradle/process/internal/worker/GradleWorkerMain
instanceKlass org/objectweb/asm/commons/Remapper
instanceKlass org/gradle/process/internal/worker/child/WorkerProcessClassPathProvider$CacheInitializer
instanceKlass org/apache/commons/io/file/Counters$LongCounter
instanceKlass org/apache/commons/io/file/Counters$AbstractPathCounters
instanceKlass org/apache/commons/io/file/Counters$Counter
instanceKlass org/apache/commons/io/file/Counters$PathCounters
instanceKlass org/apache/commons/io/file/Counters
instanceKlass org/apache/commons/io/file/DeleteOption
instanceKlass org/apache/commons/io/file/PathUtils
instanceKlass org/apache/commons/io/function/IOBaseStreamAdapter
instanceKlass org/apache/commons/io/function/IOBiFunction
instanceKlass org/apache/commons/io/function/IOSpliterator
instanceKlass org/apache/commons/io/function/IOIterator
instanceKlass org/apache/commons/io/function/IOStream
instanceKlass org/apache/commons/io/function/IOBaseStream
instanceKlass org/apache/commons/io/function/IOStreams
instanceKlass org/apache/commons/io/function/IOConsumer
instanceKlass org/gradle/process/internal/DefaultExecHandle$ExecResultImpl
instanceKlass org/gradle/process/internal/streams/ExecOutputHandleRunner
instanceKlass java/lang/ProcessImpl$2
instanceKlass java/lang/ProcessHandleImpl
instanceKlass net/rubygrapefruit/platform/internal/jni/WindowsHandleFunctions
instanceKlass org/gradle/process/internal/ProcessBuilderFactory
instanceKlass org/gradle/process/internal/DefaultExecHandle$CompositeStreamsHandler
instanceKlass org/gradle/process/internal/ExecHandleRunner
instanceKlass org/gradle/process/internal/ExecHandleShutdownHookAction
instanceKlass net/rubygrapefruit/platform/internal/DefaultProcessLauncher
instanceKlass net/rubygrapefruit/platform/internal/WindowsProcessLauncher
instanceKlass net/rubygrapefruit/platform/internal/WrapperProcessLauncher
instanceKlass org/gradle/process/internal/DefaultExecHandle
instanceKlass org/gradle/process/internal/ProcessSettings
instanceKlass org/gradle/process/internal/streams/OutputStreamsForwarder
instanceKlass org/gradle/internal/ErroringAction
instanceKlass org/gradle/internal/jvm/inspection/MetadataProbe
instanceKlass org/gradle/internal/remote/internal/hub/MessageHubBackedServer$ConnectEventAction
instanceKlass org/gradle/internal/remote/ObjectConnection
instanceKlass org/gradle/internal/remote/ObjectConnectionBuilder
instanceKlass org/gradle/process/internal/worker/DefaultWorkerProcess
instanceKlass org/gradle/process/internal/worker/DefaultWorkerProcessBuilder$WorkerJvmMemoryStatus$1
instanceKlass org/gradle/process/internal/worker/DefaultWorkerProcessBuilder$WorkerJvmMemoryStatus
instanceKlass org/gradle/process/internal/worker/child/WorkerJvmMemoryInfoProtocol
instanceKlass org/gradle/process/internal/worker/child/WorkerLoggingProtocol
instanceKlass org/gradle/process/internal/worker/request/WorkerAction
instanceKlass org/gradle/internal/dispatch/StreamCompletion
instanceKlass org/gradle/internal/remote/internal/hub/StreamFailureHandler
instanceKlass org/gradle/process/internal/worker/request/RequestProtocol
instanceKlass org/gradle/workers/internal/VisitableURLClassLoaderSpecSerializer
instanceKlass org/gradle/workers/internal/FilteringClassLoaderSpecSerializer
instanceKlass org/gradle/workers/internal/HierarchicalClassLoaderStructureSerializer
instanceKlass org/gradle/workers/internal/TransportableActionExecutionSpecSerializer
instanceKlass org/gradle/workers/internal/TransportableActionExecutionSpec
instanceKlass org/gradle/process/internal/worker/request/RequestArgumentSerializers
instanceKlass org/gradle/process/internal/streams/SafeStreams
instanceKlass org/gradle/process/internal/streams/EmptyStdInStreamsHandler
instanceKlass org/gradle/process/internal/ExecHandle
instanceKlass org/gradle/process/internal/StreamsHandler
instanceKlass org/gradle/process/internal/DefaultClientExecHandleBuilder
instanceKlass org/gradle/process/internal/JavaExecHandleBuilder
instanceKlass org/gradle/process/internal/worker/WorkerProcess
instanceKlass org/gradle/process/internal/worker/DefaultWorkerProcessBuilder
instanceKlass org/gradle/process/internal/worker/MultiRequestClient
instanceKlass org/gradle/process/internal/worker/WorkerControl
instanceKlass org/gradle/process/internal/worker/DefaultMultiRequestWorkerProcessBuilder
instanceKlass org/gradle/workers/internal/WorkerDaemonServer
instanceKlass org/gradle/process/internal/worker/RequestHandler
instanceKlass org/gradle/internal/operations/CurrentBuildOperationRef$Callable
instanceKlass com/google/common/collect/ImmutableSet$SerializedForm
instanceKlass com/google/common/collect/ImmutableList$SerializedForm
instanceKlass org/gradle/api/internal/tasks/compile/DefaultJavaCompileSpecFactory$1
instanceKlass org/gradle/api/internal/tasks/compile/JdkTools
instanceKlass org/gradle/api/internal/tasks/compile/ContextAwareJavaCompiler
instanceKlass javax/tools/JavaCompiler
instanceKlass javax/tools/OptionChecker
instanceKlass javax/tools/Tool
instanceKlass java/io/ObjectStreamClass$ExceptionInfo
instanceKlass org/gradle/workers/internal/IsolatedParametersActionExecutionSpec
instanceKlass org/gradle/api/internal/tasks/compile/daemon/AbstractIsolatedCompilerWorkerExecutor$CompilerWorkAction
instanceKlass org/gradle/workers/internal/ProvidesWorkResult
instanceKlass org/gradle/workers/WorkAction
instanceKlass org/gradle/workers/internal/AbstractWorker$Result
instanceKlass org/gradle/workers/internal/ExecuteWorkItemBuildOperationType$Result
instanceKlass org/gradle/workers/internal/AbstractWorker
instanceKlass org/gradle/workers/internal/DaemonForkOptions
instanceKlass org/gradle/process/internal/EffectiveJavaForkOptions$ReadOnlyJvmOptions
instanceKlass org/gradle/api/internal/file/collections/DefaultDirectoryFileTreeFactory$1
instanceKlass org/gradle/workers/internal/DaemonForkOptionsBuilder
instanceKlass org/gradle/workers/internal/FlatClassLoaderStructure
instanceKlass org/gradle/process/internal/JvmDebugSpec$DefaultJvmDebugSpec
instanceKlass org/gradle/api/internal/tasks/compile/BaseForkOptionsConverter
instanceKlass org/gradle/api/internal/tasks/compile/JdkJavaCompiler
instanceKlass org/gradle/api/internal/file/AbstractFileTreeElement
instanceKlass org/gradle/api/file/FileVisitDetails
instanceKlass org/gradle/api/internal/file/AttributeBasedFileVisitDetailsFactory
instanceKlass java/nio/file/FileTreeWalker$1
instanceKlass org/gradle/api/internal/file/collections/PathVisitor
instanceKlass org/gradle/api/file/ReproducibleFileVisitor
instanceKlass org/gradle/api/internal/file/FileCollectionBackedFileTree$1
instanceKlass org/gradle/api/file/EmptyFileVisitor
instanceKlass org/gradle/internal/exceptions/CompilationFailedIndicator
instanceKlass org/gradle/internal/exceptions/NonGradleCause
instanceKlass org/gradle/api/internal/tasks/compile/NormalizingJavaCompiler
instanceKlass org/gradle/api/internal/tasks/compile/AnnotationProcessorDiscoveringCompiler
instanceKlass org/gradle/api/internal/tasks/compile/ModuleApplicationNameWritingCompiler
instanceKlass org/gradle/workers/internal/AbstractWorkerRequirement
instanceKlass org/gradle/workers/internal/WorkerRequirement
instanceKlass org/gradle/api/internal/tasks/compile/daemon/AbstractIsolatedCompilerWorkerExecutor
instanceKlass org/gradle/api/internal/tasks/compile/JavaHomeBasedJavaCompilerFactory
instanceKlass org/gradle/workers/internal/ClassLoaderStructure
instanceKlass org/gradle/api/internal/tasks/compile/daemon/CompilerWorkerExecutor$CompilerParameters
instanceKlass org/gradle/workers/WorkParameters
instanceKlass org/gradle/api/internal/tasks/compile/daemon/AbstractDaemonCompiler
instanceKlass org/gradle/language/base/internal/tasks/StaleOutputCleaner
instanceKlass org/gradle/api/internal/tasks/compile/CompileJavaBuildOperationReportingCompiler$1$1
instanceKlass org/gradle/api/internal/tasks/compile/CompileJavaBuildOperationType$Details
instanceKlass org/gradle/api/internal/tasks/compile/CompileJavaBuildOperationReportingCompiler$1
instanceKlass org/gradle/api/internal/tasks/compile/CompileJavaBuildOperationReportingCompiler
instanceKlass org/gradle/api/internal/tasks/compile/incremental/IncrementalResultStoringCompiler
instanceKlass org/gradle/api/internal/tasks/compile/incremental/SelectiveCompiler
instanceKlass org/gradle/api/internal/tasks/compile/incremental/recomp/PreviousCompilationAccess
instanceKlass org/gradle/api/internal/tasks/compile/incremental/recomp/CurrentCompilationAccess
instanceKlass org/gradle/api/internal/tasks/compile/incremental/recomp/SourceFileClassNameConverter
instanceKlass org/gradle/api/internal/tasks/compile/incremental/classpath/DefaultClassSetAnalyzer
instanceKlass org/gradle/api/internal/tasks/compile/incremental/classpath/CachingClassSetAnalyzer
instanceKlass org/gradle/api/internal/tasks/compile/incremental/analyzer/DefaultClassDependenciesAnalyzer
instanceKlass org/gradle/api/internal/tasks/compile/incremental/analyzer/CachingClassDependenciesAnalyzer
instanceKlass org/gradle/cache/internal/MinimalPersistentCache
instanceKlass org/gradle/api/internal/tasks/compile/incremental/cache/UserHomeScopedCompileCaches
instanceKlass org/gradle/api/internal/tasks/compile/MinimalJavaCompileOptions
instanceKlass org/gradle/api/internal/file/FileCollectionExecutionTimeValue
instanceKlass org/gradle/api/internal/tasks/compile/ForkingJavaCompileSpec
instanceKlass org/gradle/api/internal/tasks/compile/CommandLineJavaCompileSpec
instanceKlass org/gradle/api/internal/tasks/compile/AbstractJavaCompileSpecFactory
instanceKlass org/gradle/api/internal/tasks/compile/CompilationSourceDirs$SourceRoots
instanceKlass org/gradle/api/internal/tasks/compile/CompilationSourceDirs
instanceKlass org/gradle/api/internal/tasks/execution/ExecuteTaskActionBuildOperationType$2
instanceKlass org/gradle/api/internal/tasks/execution/ExecuteTaskActionBuildOperationType$1
instanceKlass org/gradle/api/internal/tasks/execution/ExecuteTaskActionBuildOperationType$Result
instanceKlass org/gradle/api/internal/tasks/execution/ExecuteTaskActionBuildOperationType$Details
instanceKlass org/gradle/api/internal/tasks/execution/ExecuteTaskActionBuildOperationType
instanceKlass org/gradle/api/internal/tasks/execution/TaskExecution$3
instanceKlass org/gradle/internal/execution/steps/ExecuteStep$2
instanceKlass org/gradle/internal/execution/steps/ExecuteStep$1$1
instanceKlass org/gradle/internal/execution/steps/ExecuteStep$Operation$Details
instanceKlass org/gradle/internal/execution/steps/ExecuteStep$1
instanceKlass org/gradle/internal/execution/steps/PreCreateOutputParentsStep$2
instanceKlass org/gradle/internal/execution/steps/PreCreateOutputParentsStep$1
instanceKlass org/gradle/internal/file/impl/DefaultDeleter$FileDeletionResult
instanceKlass org/gradle/internal/execution/steps/RemovePreviousOutputsStep$3
instanceKlass org/gradle/internal/execution/steps/RemovePreviousOutputsStep$2
instanceKlass org/gradle/internal/execution/steps/BroadcastChangingOutputsStep$1
instanceKlass org/gradle/work/FileChange
instanceKlass org/gradle/internal/execution/history/changes/NonIncrementalInputChanges
instanceKlass org/gradle/caching/internal/controller/service/OpFiringLocalBuildCacheServiceHandle$LocalLoadResult
instanceKlass org/gradle/caching/internal/operations/BuildCacheLocalLoadBuildOperationType$Result
instanceKlass org/gradle/caching/internal/controller/service/OpFiringLocalBuildCacheServiceHandle$LocalLoadDetails
instanceKlass org/gradle/caching/internal/operations/BuildCacheLocalLoadBuildOperationType$Details
instanceKlass org/gradle/caching/internal/controller/service/OpFiringLocalBuildCacheServiceHandle$2
instanceKlass org/gradle/internal/vfs/impl/VersionHierarchy$2
instanceKlass org/gradle/internal/execution/steps/BuildCacheStep$CacheableWork$1
instanceKlass org/gradle/caching/internal/CacheableEntity$CacheableTreeVisitor
instanceKlass org/gradle/internal/execution/steps/BuildCacheStep$CacheableWork
instanceKlass org/gradle/internal/execution/history/changes/ExecutionStateChanges$2
instanceKlass com/google/common/base/Predicates$CompositionPredicate
instanceKlass com/google/common/base/Predicates
instanceKlass org/gradle/internal/execution/history/changes/DefaultIncrementalInputProperties
instanceKlass org/gradle/internal/execution/steps/ResolveChangesStep$1
instanceKlass org/gradle/internal/fingerprint/impl/PatternSetSnapshottingFilter$LogicalFileTreeElement
instanceKlass org/gradle/internal/snapshot/impl/FileSystemSnapshotFilter$FilteringVisitor$1
instanceKlass org/gradle/internal/snapshot/impl/FileSystemSnapshotFilter$FilteringVisitor
instanceKlass org/gradle/internal/snapshot/SnapshottingFilter$FileSystemSnapshotPredicate
instanceKlass org/gradle/api/internal/artifacts/ivyservice/resolveengine/artifact/ArtifactSetToFileCollectionFactory$FileBackedArtifactSet$1
instanceKlass org/gradle/api/internal/artifacts/DefaultResolvedArtifact
instanceKlass org/gradle/internal/component/model/DefaultIvyArtifactName
instanceKlass org/gradle/api/internal/artifacts/ivyservice/resolveengine/artifact/LocalFileDependencyBackedArtifactSet$SingletonFileResolvedVariant
instanceKlass org/gradle/api/internal/artifacts/ivyservice/resolveengine/artifact/ResolvedVariant
instanceKlass org/gradle/api/artifacts/type/ArtifactTypeDefinition
instanceKlass org/gradle/api/internal/artifacts/ivyservice/resolveengine/artifact/ArtifactSetToFileCollectionFactory$FileBackedArtifactSet
instanceKlass org/gradle/launcher/daemon/server/DaemonRegistryUnavailableExpirationStrategy$1
instanceKlass org/gradle/launcher/daemon/toolchain/DaemonJvmCriteria$Spec
instanceKlass org/gradle/launcher/daemon/registry/PersistentDaemonRegistry$1
instanceKlass org/gradle/launcher/daemon/server/health/gc/GarbageCollectionStats
instanceKlass java/util/concurrent/LinkedBlockingDeque$AbstractItr
instanceKlass org/gradle/internal/properties/bean/DefaultPropertyWalker$ImplementationPropertyValue
instanceKlass org/gradle/internal/scripts/ScriptOriginUtil
instanceKlass org/gradle/util/internal/ClosureBackedAction
instanceKlass java/util/stream/Nodes$ArrayNode
instanceKlass org/gradle/api/internal/file/collections/DirectoryTrees
instanceKlass org/gradle/api/tasks/util/internal/CachingPatternSpecFactory$CachingSpec$1
instanceKlass org/gradle/api/file/RelativePath
instanceKlass org/gradle/internal/fingerprint/impl/PatternSetSnapshottingFilter$PathBackedFileTreeElement
instanceKlass org/gradle/internal/snapshot/SnapshottingFilter$DirectoryWalkerPredicate
instanceKlass org/gradle/execution/plan/ExecutionNodeAccessHierarchy$FilteredNodeAccess
instanceKlass org/gradle/api/specs/NotSpec
instanceKlass org/gradle/internal/properties/annotations/NestedValidationUtil
instanceKlass org/gradle/internal/execution/model/InputNormalizer$1
instanceKlass org/gradle/internal/logging/events/StyledTextOutputEvent$Span
instanceKlass org/gradle/internal/logging/events/operations/StyledTextBuildOperationProgressDetails$Span
instanceKlass org/gradle/internal/operations/logging/StyledTextBuildOperationProgressDetails$Span
instanceKlass org/gradle/api/internal/tasks/execution/statistics/TaskExecutionStatisticsEventAdapter$1
instanceKlass org/gradle/api/internal/tasks/execution/ExecuteTaskBuildOperationResult
instanceKlass org/gradle/api/internal/tasks/execution/ExecuteTaskBuildOperationType$Result
instanceKlass org/gradle/api/internal/tasks/execution/ExecuteActionsTaskExecuter$1
instanceKlass org/gradle/api/internal/tasks/execution/ExecuteActionsTaskExecuter$2
instanceKlass org/gradle/internal/execution/history/impl/DefaultOutputFilesRepository$1
instanceKlass org/gradle/internal/execution/ExecutionEngine$Execution$1
instanceKlass org/gradle/internal/execution/history/impl/DefaultExecutionOutputState
instanceKlass org/gradle/api/internal/tasks/SnapshotTaskInputsBuildOperationType$Result$InputFilePropertyVisitor
instanceKlass org/gradle/api/internal/tasks/BaseSnapshotInputsBuildOperationResult
instanceKlass org/gradle/api/internal/tasks/SnapshotTaskInputsBuildOperationType$Result
instanceKlass org/gradle/internal/execution/caching/CachingState$Enabled
instanceKlass org/gradle/internal/execution/caching/CachingState$CacheKeyCalculatedState
instanceKlass org/gradle/caching/internal/SimpleBuildCacheKey
instanceKlass org/gradle/caching/internal/BuildCacheKeyInternal
instanceKlass org/gradle/caching/BuildCacheKey
instanceKlass org/gradle/internal/execution/caching/impl/DefaultCachingStateFactory
instanceKlass org/gradle/internal/execution/history/changes/ExecutionStateChanges$1
instanceKlass org/gradle/internal/execution/history/changes/CachingChangeContainer$CachingVisitor
instanceKlass org/gradle/internal/execution/history/changes/DefaultExecutionStateChangeDetector$InputFileChangesWrapper
instanceKlass org/gradle/internal/execution/history/changes/CachingChangeContainer
instanceKlass org/gradle/internal/execution/history/changes/InputFileChanges$1
instanceKlass org/gradle/api/internal/artifacts/ivyservice/resolveengine/artifact/ParallelResolveArtifactSet$VisitingSet$StartVisitAction
instanceKlass org/gradle/api/internal/artifacts/ivyservice/resolveengine/artifact/ResolvedArtifactSet$Visitor
instanceKlass org/gradle/internal/execution/history/changes/AbstractFingerprintChanges$1
instanceKlass org/gradle/api/internal/artifacts/ivyservice/resolveengine/artifact/ArtifactVisitorToResolvedFileVisitorAdapter
instanceKlass org/gradle/internal/execution/history/changes/SortedMapDiffUtil
instanceKlass org/gradle/internal/execution/history/changes/OutputFileChanges$1
instanceKlass org/gradle/internal/execution/history/changes/SummarizingChangeContainer$ChangeDetectingVisitor
instanceKlass org/gradle/internal/execution/history/changes/MessageCollectingChangeVisitor
instanceKlass org/gradle/api/internal/artifacts/ivyservice/resolveengine/artifact/ParallelResolveArtifactSet
instanceKlass org/gradle/internal/execution/history/changes/ErrorHandlingChangeContainer
instanceKlass org/gradle/api/internal/artifacts/ivyservice/resolveengine/artifact/ResolvedArtifactSet$1
instanceKlass org/gradle/internal/execution/history/changes/SummarizingChangeContainer
instanceKlass org/gradle/internal/execution/history/changes/OutputFileChanges
instanceKlass org/gradle/api/internal/artifacts/ivyservice/resolveengine/artifact/CompositeResolvedArtifactSet
instanceKlass org/gradle/api/internal/artifacts/ivyservice/ResolvedFileCollectionVisitor
instanceKlass org/gradle/jvm/toolchain/internal/operations/JavaToolchainUsageProgressDetails$JavaToolchain
instanceKlass org/gradle/jvm/toolchain/internal/DefaultJavaToolchainUsageProgressDetails
instanceKlass org/gradle/internal/execution/history/changes/TrivialChangeDetector
instanceKlass org/gradle/internal/execution/history/changes/AbsolutePathChangeDetector$ItemComparator
instanceKlass org/gradle/internal/execution/history/changes/AbsolutePathChangeDetector
instanceKlass org/gradle/internal/execution/history/changes/AbstractFingerprintCompareStrategy$2
instanceKlass org/gradle/jvm/toolchain/internal/operations/JavaToolchainUsageProgressDetails
instanceKlass org/gradle/internal/execution/history/changes/AbstractFingerprintCompareStrategy$1
instanceKlass org/gradle/api/internal/file/collections/DefaultConfigurableFileCollection$ResolvedItemsCollector
instanceKlass org/gradle/internal/execution/history/changes/TrivialChangeDetector$ItemComparator
instanceKlass org/gradle/internal/execution/history/changes/CompareStrategy$ChangeFactory
instanceKlass org/gradle/internal/execution/history/changes/CompareStrategy$ChangeDetector
instanceKlass org/gradle/internal/execution/history/changes/CompareStrategy
instanceKlass org/gradle/internal/execution/history/changes/FingerprintCompareStrategy
instanceKlass org/gradle/internal/execution/history/changes/PropertyDiffListener
instanceKlass org/gradle/internal/execution/history/changes/AbstractFingerprintChanges
instanceKlass org/gradle/internal/snapshot/AbstractInvalidateChildHandler
instanceKlass org/gradle/internal/execution/history/changes/InputValueChanges
instanceKlass org/gradle/internal/execution/history/changes/PropertyChanges
instanceKlass org/gradle/internal/snapshot/AbstractIncompleteFileSystemNode$1
instanceKlass org/gradle/internal/watch/vfs/impl/WatchingVirtualFileSystem$VfsChangeLoggingNodeDiffListener
instanceKlass org/gradle/internal/execution/history/changes/ImplementationChanges
instanceKlass org/gradle/internal/execution/history/changes/DescriptiveChange
instanceKlass org/gradle/internal/execution/history/changes/Change
instanceKlass org/gradle/internal/watch/registry/impl/DefaultFileWatcherRegistry$3
instanceKlass org/gradle/internal/execution/history/changes/PreviousSuccessChanges
instanceKlass org/gradle/internal/watch/registry/impl/DefaultFileWatcherRegistry$1
instanceKlass org/gradle/fileevents/internal/AbstractFileEventFunctions$ChangeEvent
instanceKlass org/gradle/internal/execution/history/changes/IncrementalInputProperties$1
instanceKlass org/gradle/api/internal/file/collections/ListBackedFileSet
instanceKlass org/gradle/api/internal/file/collections/DefaultConfigurableFileCollection$2
instanceKlass org/gradle/internal/execution/steps/ResolveChangesStep$2
instanceKlass org/gradle/internal/execution/history/changes/ExecutionStateChanges
instanceKlass org/gradle/internal/snapshot/impl/ImplementationValue
instanceKlass org/gradle/internal/execution/steps/ValidateStep$1
instanceKlass org/gradle/api/internal/tasks/properties/DefaultPropertyValidationContext
instanceKlass org/gradle/internal/execution/steps/AbstractCaptureStateBeforeExecutionStep$Operation$Result$1
instanceKlass org/gradle/internal/execution/steps/AbstractCaptureStateBeforeExecutionStep$Operation$Result
instanceKlass org/gradle/api/internal/tasks/properties/InputParameterUtils
instanceKlass org/gradle/internal/snapshot/impl/SerializedLambdaQueries
instanceKlass org/gradle/internal/classloader/ImplementationHashAware
instanceKlass org/gradle/internal/execution/steps/AbstractCaptureStateBeforeExecutionStep$ImplementationsBuilder
instanceKlass org/gradle/internal/snapshot/DirectorySnapshot$2
instanceKlass org/gradle/internal/watch/registry/impl/DefaultFileWatcherProbeRegistry$1
instanceKlass java/io/SerialCallbackContext
instanceKlass org/gradle/internal/execution/impl/DefaultOutputSnapshotter$1
instanceKlass java/io/ObjectStreamClass$ClassDataSlot
instanceKlass org/gradle/internal/execution/steps/BuildOperationStep$1
instanceKlass java/io/ObjectStreamClass$5
instanceKlass java/io/ObjectStreamClass$4
instanceKlass org/gradle/internal/fingerprint/impl/PatternSetSnapshottingFilter
instanceKlass java/io/ObjectStreamClass$3
instanceKlass java/io/ObjectStreamClass$MemberSignature
instanceKlass java/io/ObjectStreamClass$1
instanceKlass org/gradle/internal/execution/steps/AbstractCaptureStateBeforeExecutionStep$Operation$Details$1
instanceKlass java/io/ObjectStreamClass$FieldReflector
instanceKlass java/io/ObjectStreamClass$FieldReflectorKey
instanceKlass org/gradle/internal/execution/steps/AbstractCaptureStateBeforeExecutionStep$Operation$Details
instanceKlass org/gradle/api/internal/file/collections/FileTreeAdapter$1
instanceKlass java/io/ObjectStreamClass$2
instanceKlass org/gradle/api/internal/file/FileCollectionBackedFileTree$2
instanceKlass org/gradle/internal/execution/UnitOfWork$InputFileValueSupplier
instanceKlass org/gradle/internal/execution/steps/AbstractSkipEmptyWorkStep$1
instanceKlass org/gradle/internal/fingerprint/FileCollectionFingerprint$1
instanceKlass java/util/stream/ReduceOps$5ReducingSink
instanceKlass org/gradle/internal/execution/history/impl/SerializableFileCollectionFingerprint
instanceKlass org/gradle/internal/operations/DefaultBuildOperationRunner$3$1
instanceKlass org/gradle/internal/operations/DefaultBuildOperationRunner$3
instanceKlass org/gradle/internal/fingerprint/impl/DefaultFileSystemLocationFingerprint$1
instanceKlass org/gradle/internal/fingerprint/impl/DefaultFileSystemLocationFingerprint
instanceKlass org/gradle/internal/execution/history/impl/FingerprintMapSerializer$1
instanceKlass org/gradle/internal/execution/history/impl/AbstractInputExecutionState
instanceKlass org/gradle/internal/execution/history/impl/FileSystemSnapshotSerializer$2
instanceKlass org/gradle/internal/execution/history/impl/FileSystemSnapshotSerializer$SnapshotStack
instanceKlass org/gradle/caching/internal/origin/OriginMetadata
instanceKlass java/io/ClassCache
instanceKlass java/io/ObjectStreamClass$Caches
instanceKlass java/io/ObjectStreamClass
instanceKlass com/google/common/collect/Streams
instanceKlass org/gradle/internal/execution/UnitOfWork$OutputFileValueSupplier
instanceKlass org/gradle/internal/execution/UnitOfWork$FileValueSupplier
instanceKlass org/gradle/internal/execution/UnitOfWork$ValueSupplier
instanceKlass org/gradle/internal/execution/steps/HandleStaleOutputsStep$1
instanceKlass org/gradle/internal/execution/workspace/MutableWorkspaceProvider$WorkspaceAction
instanceKlass org/gradle/api/internal/tasks/execution/TaskExecution$4
instanceKlass org/gradle/internal/execution/ImmutableUnitOfWork
instanceKlass org/gradle/internal/execution/UnitOfWork$Identity
instanceKlass org/gradle/internal/execution/impl/DefaultInputFingerprinter$InputFingerprints
instanceKlass org/gradle/internal/classpath/declarations/FileInputStreamInterceptorsDeclaration
instanceKlass org/gradle/internal/execution/InputFingerprinter$Result
instanceKlass org/gradle/internal/execution/impl/DefaultInputFingerprinter$InputCollectingVisitor
instanceKlass org/gradle/api/internal/tasks/execution/TaskExecution$5
instanceKlass org/gradle/internal/classpath/declarations/FileInterceptorsDeclaration
instanceKlass org/gradle/internal/execution/impl/DefaultExecutionEngine$1
instanceKlass org/gradle/api/internal/tasks/execution/TaskExecution$1
instanceKlass org/gradle/internal/execution/UnitOfWork$WorkOutput
instanceKlass org/gradle/api/internal/tasks/properties/PropertyValidationContext
instanceKlass org/gradle/api/internal/tasks/SnapshotTaskInputsBuildOperationType$Details
instanceKlass org/gradle/api/internal/tasks/execution/TaskExecution
instanceKlass org/gradle/api/internal/file/DefaultFilePropertyFactory$ToFileTransformer
instanceKlass org/gradle/internal/execution/MutableUnitOfWork
instanceKlass org/gradle/api/problems/internal/ProblemTaskIdentityTracker
instanceKlass org/gradle/internal/time/TimeFormatting
instanceKlass org/gradle/api/internal/changedetection/changes/DefaultTaskExecutionMode
instanceKlass org/gradle/api/internal/changedetection/TaskExecutionMode
instanceKlass org/gradle/internal/build/event/types/AbstractProgressEvent
instanceKlass org/gradle/internal/build/event/types/DefaultTaskDescriptor
instanceKlass org/gradle/tooling/internal/protocol/events/InternalTaskWithExtraInfoDescriptor
instanceKlass org/gradle/tooling/internal/protocol/events/InternalTaskDescriptor
instanceKlass org/gradle/api/internal/tasks/execution/EventFiringTaskExecuter$1
instanceKlass org/gradle/api/internal/tasks/execution/EventFiringTaskExecuter
instanceKlass org/gradle/api/internal/tasks/execution/CatchExceptionTaskExecuter
instanceKlass org/gradle/api/internal/tasks/execution/SkipOnlyIfTaskExecuter
instanceKlass org/gradle/api/internal/tasks/execution/SkipTaskWithNoActionsExecuter
instanceKlass org/gradle/api/internal/tasks/execution/ResolveTaskExecutionModeExecuter
instanceKlass org/gradle/api/internal/tasks/execution/FinalizePropertiesTaskExecuter
instanceKlass org/gradle/api/internal/tasks/execution/ProblemsTaskPathTrackingTaskExecuter
instanceKlass org/gradle/api/execution/TaskActionListener
instanceKlass org/gradle/api/internal/tasks/TaskExecuterResult
instanceKlass org/gradle/api/internal/tasks/execution/ExecuteActionsTaskExecuter
instanceKlass org/gradle/normalization/internal/DefaultInputNormalizationHandler
instanceKlass org/gradle/api/internal/changedetection/state/IgnoringResourceEntryFilter
instanceKlass org/gradle/api/internal/changedetection/state/IgnoringResourceFilter
instanceKlass org/gradle/normalization/internal/DefaultRuntimeClasspathNormalization$RuntimeMetaInfNormalization
instanceKlass org/gradle/normalization/internal/DefaultRuntimeClasspathNormalization$DefaultPropertiesFileFilter
instanceKlass org/gradle/normalization/PropertiesFileNormalization
instanceKlass org/gradle/normalization/internal/DefaultRuntimeClasspathNormalization$EvaluatableFilter
instanceKlass org/gradle/normalization/internal/RuntimeClasspathNormalizationInternal$CachedState
instanceKlass org/gradle/normalization/MetaInfNormalization
instanceKlass org/gradle/normalization/internal/DefaultRuntimeClasspathNormalization
instanceKlass org/gradle/api/internal/changedetection/changes/DefaultTaskExecutionModeResolver
instanceKlass org/gradle/api/internal/tasks/execution/DefaultTaskCacheabilityResolver
instanceKlass org/gradle/internal/file/DefaultReservedFileSystemLocationRegistry
instanceKlass org/gradle/internal/execution/workspace/MutableWorkspaceProvider
instanceKlass org/gradle/api/internal/artifacts/DefaultDependencyManagementServices$DependencyResolutionScopeServices$1
instanceKlass org/gradle/api/internal/file/DefaultFilePropertyFactory$PathToDirectoryTransformer
instanceKlass org/gradle/internal/reflect/validation/DefaultPluginId
instanceKlass org/gradle/api/problems/internal/DefaultProblem
instanceKlass org/gradle/api/problems/internal/DefaultProblemDefinition
instanceKlass org/gradle/internal/problems/DefaultProblemDiagnosticsFactory$DefaultProblemDiagnostics
instanceKlass org/gradle/internal/snapshot/impl/ImplementationSnapshotSerializer
instanceKlass org/gradle/internal/problems/failure/DefaultFailure
instanceKlass org/gradle/internal/execution/history/impl/FileSystemSnapshotSerializer
instanceKlass org/gradle/internal/problems/failure/DefaultFailureFactory$Job$SuppressedAndCauses
instanceKlass org/gradle/internal/execution/history/impl/FileCollectionFingerprintSerializer
instanceKlass org/gradle/api/problems/internal/ProblemLocator$1
instanceKlass org/gradle/internal/problems/failure/Failure
instanceKlass org/gradle/internal/execution/history/PreviousExecutionState
instanceKlass org/gradle/internal/problems/failure/DefaultFailureFactory$Job
instanceKlass org/gradle/internal/execution/history/impl/DefaultExecutionHistoryStore
instanceKlass java/lang/StackTraceElement$HashedModules
instanceKlass org/gradle/api/internal/changedetection/state/DefaultExecutionHistoryCacheAccess
instanceKlass org/gradle/api/problems/internal/DefaultProblemBuilder$UnsupportedAdditionalDataSpec
instanceKlass org/gradle/api/internal/tasks/TaskExecutionContext$OutputDependencyCheckAction
instanceKlass org/gradle/api/internal/DefaultDomainObjectCollection$IteratorImpl
instanceKlass org/gradle/api/internal/tasks/execution/DefaultTaskExecutionContext
instanceKlass org/gradle/internal/deprecation/Documentation
instanceKlass org/gradle/api/problems/internal/InternalDocLink
instanceKlass org/gradle/api/problems/ProblemId
instanceKlass org/gradle/execution/plan/ValuedVfsHierarchy$1
instanceKlass org/gradle/api/problems/internal/DefaultTypeValidationData$DefaultTypeValidationDataBuilder
instanceKlass org/gradle/api/problems/internal/DefaultTypeValidationData
instanceKlass org/gradle/api/problems/internal/PluginIdLocation
instanceKlass org/gradle/api/problems/ProblemLocation
instanceKlass org/gradle/api/problems/ProblemDefinition
instanceKlass org/gradle/api/problems/internal/DefaultProblemBuilder
instanceKlass org/gradle/execution/plan/ValuedVfsHierarchy$2
instanceKlass org/gradle/execution/plan/ExecutionNodeAccessHierarchy$DefaultNodeAccess
instanceKlass org/gradle/execution/plan/ExecutionNodeAccessHierarchy$NodeAccess
instanceKlass org/gradle/internal/reflect/validation/DelegatingProblemBuilder
instanceKlass org/gradle/internal/reflect/validation/TypeValidationProblemRenderer
instanceKlass org/gradle/api/problems/internal/InternalProblem
instanceKlass org/gradle/api/internal/tasks/properties/InputFilePropertySpec
instanceKlass org/gradle/api/internal/tasks/properties/ValidationActions$7
instanceKlass org/gradle/api/internal/tasks/properties/FileParameterUtils
instanceKlass org/gradle/api/internal/tasks/properties/DefaultTaskProperties$ResolvingValue
instanceKlass org/gradle/api/internal/tasks/properties/AbstractValidatingProperty
instanceKlass org/gradle/api/internal/tasks/properties/CacheableOutputFilePropertySpec
instanceKlass org/gradle/api/internal/tasks/properties/ValidatingProperty
instanceKlass org/gradle/api/internal/tasks/properties/LifecycleAwareValue
instanceKlass org/gradle/api/internal/tasks/properties/AbstractPropertySpec
instanceKlass org/gradle/api/internal/tasks/properties/OutputFilePropertySpec
instanceKlass org/gradle/api/internal/tasks/properties/FilePropertySpec
instanceKlass org/gradle/api/internal/tasks/properties/InputPropertySpec
instanceKlass org/gradle/internal/MutableBoolean
instanceKlass org/gradle/internal/properties/bean/DefaultPropertyWalker$CachedPropertyValue
instanceKlass org/gradle/internal/properties/bean/DefaultPropertyWalker$1
instanceKlass org/gradle/internal/properties/annotations/TypeMetadataWalker$InstanceMetadataVisitor
instanceKlass org/gradle/api/internal/tasks/TaskPropertyUtils
instanceKlass org/gradle/api/internal/tasks/properties/CompositePropertyVisitor
instanceKlass org/gradle/api/internal/tasks/properties/DefaultTaskProperties$GetDestroyablesVisitor
instanceKlass org/gradle/api/internal/tasks/properties/DefaultTaskProperties$GetLocalStateVisitor
instanceKlass org/gradle/api/internal/tasks/properties/OutputUnpacker$UnpackedOutputConsumer$1
instanceKlass org/gradle/api/internal/tasks/properties/OutputUnpacker
instanceKlass org/gradle/api/internal/tasks/properties/OutputFilesCollector
instanceKlass org/gradle/api/internal/tasks/properties/ValidationAction
instanceKlass org/gradle/api/internal/tasks/properties/DefaultTaskProperties$ValidationVisitor
instanceKlass org/gradle/api/internal/tasks/properties/GetServiceReferencesVisitor
instanceKlass org/gradle/api/internal/tasks/properties/GetInputFilesVisitor
instanceKlass org/gradle/api/internal/tasks/properties/GetInputPropertiesVisitor
instanceKlass org/gradle/api/internal/tasks/properties/DefaultTaskProperties
instanceKlass org/gradle/api/internal/tasks/properties/TaskProperties
instanceKlass org/gradle/internal/reflect/ProblemRecordingTypeValidationContext
instanceKlass org/gradle/execution/plan/ResolveMutationsNode$ResolveTaskMutationsDetails
instanceKlass org/gradle/api/internal/tasks/execution/ResolveTaskMutationsBuildOperationType$Details
instanceKlass org/gradle/execution/plan/ResolveMutationsNode$1
instanceKlass org/gradle/execution/plan/MissingTaskDependencyDetector
instanceKlass org/gradle/api/internal/tasks/TaskExecuter
instanceKlass org/gradle/api/internal/tasks/execution/TaskCacheabilityResolver
instanceKlass org/gradle/api/internal/changedetection/TaskExecutionModeResolver
instanceKlass org/gradle/internal/file/ReservedFileSystemLocationRegistry
instanceKlass org/gradle/execution/ProjectExecutionServices
instanceKlass org/gradle/execution/ProjectExecutionServiceRegistry$DefaultNodeExecutionContext
instanceKlass org/gradle/execution/plan/DefaultPlanExecutor$WorkItem
instanceKlass org/gradle/execution/plan/WorkSource$Selection
instanceKlass org/gradle/execution/plan/DefaultPlanExecutor$ExecutorState$WorkerState
instanceKlass org/gradle/execution/plan/DefaultPlanExecutor$ExecutorWorker
instanceKlass org/gradle/execution/plan/DefaultPlanExecutor$PlanDetails
instanceKlass org/gradle/execution/taskgraph/DefaultTaskExecutionGraph$InvokeNodeExecutorsAction
instanceKlass org/gradle/execution/taskgraph/DefaultTaskExecutionGraph$BuildOperationAwareExecutionAction
instanceKlass org/gradle/execution/ProjectExecutionServiceRegistry
instanceKlass org/gradle/execution/RunRootBuildWorkBuildOperationType$Details
instanceKlass org/gradle/execution/BuildOperationFiringBuildWorkerExecutor$ExecuteTasks
instanceKlass org/gradle/internal/work/DefaultWorkerLeaseService$3$1
instanceKlass org/gradle/internal/MutableReference
instanceKlass org/gradle/internal/work/DefaultWorkerLeaseService$3
instanceKlass org/gradle/composite/internal/DefaultBuildController$BuildOpRunnable
instanceKlass org/gradle/internal/buildtree/BuildOperationFiringBuildTreeWorkExecutor$2
instanceKlass org/gradle/internal/cc/impl/BuildTreeConfigurationCache$WorkGraphResult
instanceKlass org/gradle/configurationcache/WorkGraphLoadResult
instanceKlass org/gradle/internal/configurationcache/ConfigurationCacheLoadBuildOperationType$Result
instanceKlass org/gradle/internal/cc/impl/DefaultConfigurationCache$LoadResultMetadata
instanceKlass org/gradle/composite/internal/DefaultIncludedBuildTaskGraph$DefaultBuildTreeWorkGraph$1$1
instanceKlass org/gradle/internal/taskgraph/CalculateTreeTaskGraphBuildOperationType$Result
instanceKlass org/gradle/api/internal/file/collections/UnpackingVisitor
instanceKlass org/gradle/api/internal/file/AbstractFileCollection$1
instanceKlass org/gradle/execution/taskgraph/NotifyTaskGraphWhenReadyBuildOperationType$1
instanceKlass org/gradle/execution/taskgraph/NotifyTaskGraphWhenReadyBuildOperationType$Result
instanceKlass org/gradle/execution/taskgraph/NotifyTaskGraphWhenReadyBuildOperationType
instanceKlass org/gradle/internal/operations/BuildOperationType
instanceKlass org/gradle/execution/taskgraph/DefaultTaskExecutionGraph$NotifyTaskGraphWhenReadyDetails
instanceKlass org/gradle/execution/taskgraph/NotifyTaskGraphWhenReadyBuildOperationType$Details
instanceKlass org/gradle/execution/taskgraph/DefaultTaskExecutionGraph$NotifyTaskGraphWhenReady
instanceKlass org/gradle/internal/Factories$1
instanceKlass it/unimi/dsi/fastutil/objects/ObjectOpenHashSet$SetIterator
instanceKlass org/gradle/execution/plan/DefaultFinalizedExecutionPlan$ExecutionQueue
instanceKlass org/gradle/execution/plan/DefaultFinalizedExecutionPlan$1
instanceKlass org/gradle/execution/plan/DefaultFinalizedExecutionPlan
instanceKlass org/gradle/execution/plan/WorkSource
instanceKlass org/gradle/execution/plan/FinalizedExecutionPlan$1
instanceKlass org/gradle/api/execution/TaskExecutionListener
instanceKlass org/gradle/execution/taskgraph/TaskExecutionGraphExecutionListener
instanceKlass org/gradle/api/internal/tasks/TaskExecutionContext
instanceKlass org/gradle/execution/plan/DefaultNodeExecutor
instanceKlass org/gradle/execution/taskgraph/DefaultTaskExecutionGraph
instanceKlass org/gradle/internal/build/BuildOperationFiringBuildWorkPreparer$PopulateWorkGraph$CalculateTaskGraphResult
instanceKlass org/gradle/internal/taskgraph/CalculateTaskGraphBuildOperationType$Result
instanceKlass org/gradle/api/internal/project/ProjectOrderingUtil
instanceKlass org/gradle/execution/plan/NodeSets$LazySortedReferenceHashSet$1
instanceKlass org/gradle/execution/plan/ToPlannedTaskConverter$PlannedTaskIdentity
instanceKlass org/gradle/initialization/DefaultPlannedTask
instanceKlass org/gradle/internal/taskgraph/CalculateTaskGraphBuildOperationType$PlannedTask
instanceKlass org/gradle/internal/build/PlannedNodeGraph
instanceKlass org/gradle/internal/build/PlannedNodeGraph$IdentityProvider
instanceKlass org/gradle/internal/build/PlannedNodeGraph$DependencyTraverser
instanceKlass org/gradle/internal/build/PlannedNodeGraph$Collector
instanceKlass java/util/IdentityHashMap$IdentityHashMapIterator
instanceKlass org/gradle/internal/build/DefaultBuildLifecycleController$DefaultWorkGraphBuilder
instanceKlass org/gradle/internal/build/BuildLifecycleController$WorkGraphBuilder
instanceKlass org/gradle/internal/build/BuildOperationFiringBuildWorkPreparer$PopulateWorkGraph$1
instanceKlass org/gradle/internal/taskgraph/CalculateTaskGraphBuildOperationType$Details
instanceKlass org/gradle/internal/build/BuildOperationFiringBuildWorkPreparer$PopulateWorkGraph
instanceKlass org/gradle/internal/build/DefaultBuildLifecycleController$DefaultBuildWorkPlan
instanceKlass org/gradle/execution/plan/OrdinalNodeAccess
instanceKlass org/gradle/execution/plan/FinalizedExecutionPlan
instanceKlass org/gradle/execution/plan/DefaultExecutionPlan
instanceKlass org/gradle/execution/plan/QueryableExecutionPlan
instanceKlass org/gradle/internal/build/DefaultBuildWorkGraphController$DefaultBuildWorkGraph
instanceKlass org/gradle/composite/internal/DefaultBuildController
instanceKlass org/gradle/internal/cc/impl/ConfigurationCacheState$calculateRootTaskGraph$1$1
instanceKlass org/gradle/composite/internal/TaskIdentifier
instanceKlass org/gradle/composite/internal/DefaultIncludedBuildTaskGraph$DefaultBuildTreeWorkGraphBuilder
instanceKlass org/gradle/composite/internal/DefaultIncludedBuildTaskGraph$DefaultBuildTreeWorkGraph$1$2
instanceKlass org/gradle/internal/taskgraph/CalculateTreeTaskGraphBuildOperationType$Details
instanceKlass org/gradle/internal/buildtree/BuildTreeWorkGraph$Builder
instanceKlass org/gradle/composite/internal/DefaultIncludedBuildTaskGraph$DefaultBuildTreeWorkGraph$1
instanceKlass org/gradle/internal/cc/impl/ConfigurationCacheState$calculateRootTaskGraph$1
instanceKlass org/gradle/internal/cc/impl/ConfigurationCacheState$identifyBuild$2
instanceKlass org/gradle/initialization/ProjectsIdentifiedProgressDetails
instanceKlass org/gradle/initialization/BuildStructureOperationProject
instanceKlass org/gradle/initialization/ProjectsIdentifiedProgressDetails$Project
instanceKlass org/gradle/initialization/LoadProjectsBuildOperationType$Result$Project
instanceKlass org/gradle/internal/cc/impl/ConfigurationCacheState$convertProject$1
instanceKlass kotlin/collections/EmptySet
instanceKlass org/gradle/internal/cc/impl/ConfigurationCacheState$identifyBuild$1
instanceKlass org/gradle/initialization/BuildIdentifiedProgressDetails
instanceKlass org/gradle/internal/cc/impl/CachedBuildState
instanceKlass org/gradle/execution/plan/ScheduledWork
instanceKlass org/gradle/execution/plan/QueryableExecutionPlan$ScheduledNodes
instanceKlass org/gradle/execution/plan/edges/DependencyPredecessorsOnlyNodeSet
instanceKlass org/gradle/execution/plan/edges/DependencySuccessorsOnlyNodeSet
instanceKlass org/gradle/internal/serialize/codecs/core/WorkNodeCodec$readNodeBatchesInParallel$1$1$1$1$1
instanceKlass org/codehaus/groovy/runtime/metaclass/ClosureMetaClass$StandardClosureChooser
instanceKlass org/gradle/internal/code/DefaultUserCodeSource
instanceKlass org/gradle/internal/code/DefaultUserCodeApplicationContext$CurrentApplication
instanceKlass org/gradle/internal/code/UserCodeApplicationContext$Application
instanceKlass org/gradle/api/internal/AbstractTask$ClosureTaskAction
instanceKlass org/gradle/jvm/toolchain/internal/DefaultToolchainJavaLauncher
instanceKlass org/gradle/process/internal/JvmDebugSpec$JavaDebugOptionsBackedSpec
instanceKlass org/codehaus/groovy/runtime/metaclass/ClosureMetaClass$MethodChooser
instanceKlass sun/reflect/generics/reflectiveObjects/GenericArrayTypeImpl
instanceKlass org/codehaus/groovy/runtime/callsite/BooleanClosureWrapper
instanceKlass org/gradle/internal/serialize/codecs/core/ThreadSafeMetaClassWrapper
instanceKlass com/sun/beans/finder/FinderUtils
instanceKlass com/sun/beans/finder/AbstractFinder
instanceKlass org/gradle/internal/serialize/codecs/core/ClosureCodec$WhenMappings
instanceKlass java/lang/invoke/MethodHandleImpl$Makers$2
instanceKlass java/lang/invoke/MethodHandleImpl$Makers$1
instanceKlass java/lang/invoke/MethodHandleImpl$Makers
instanceKlass java/util/AbstractList$SubList$1
instanceKlass org/codehaus/groovy/runtime/typehandling/DefaultTypeTransformation
instanceKlass org/codehaus/groovy/vmplugin/v8/IndyGuardsFiltersAndSignatures
instanceKlass org/codehaus/groovy/reflection/AccessPermissionChecker
instanceKlass org/codehaus/groovy/runtime/metaclass/MetaMethodIndex$CacheEntry
instanceKlass org/codehaus/groovy/runtime/wrappers/Wrapper
instanceKlass groovy/lang/GroovyInterceptable
instanceKlass org/codehaus/groovy/vmplugin/v8/Selector$1
instanceKlass org/codehaus/groovy/vmplugin/v8/Selector
instanceKlass org/codehaus/groovy/runtime/memoize/MemoizeCache$ValueProvider
instanceKlass org/codehaus/groovy/vmplugin/v8/IndyInterface$FallbackSupplier
instanceKlass java/lang/invoke/SwitchPoint
instanceKlass org/codehaus/groovy/vmplugin/v8/MethodHandleWrapper
instanceKlass org/codehaus/groovy/vmplugin/v8/IndyInterface
instanceKlass org/gradle/internal/instrumentation/api/groovybytecode/PropertyAwareCallInterceptor
instanceKlass org/gradle/internal/instrumentation/api/groovybytecode/SignatureAwareCallInterceptor
instanceKlass org/gradle/internal/instrumentation/api/groovybytecode/InterceptScope
instanceKlass org/gradle/internal/instrumentation/api/groovybytecode/Invocation
instanceKlass org/gradle/internal/instrumentation/api/groovybytecode/AbstractCallInterceptor
instanceKlass org/gradle/internal/instrumentation/api/groovybytecode/FilterableCallInterceptor
instanceKlass java/lang/ProcessBuilder
instanceKlass org/gradle/internal/instrumentation/api/groovybytecode/CallInterceptor
instanceKlass org/gradle/internal/classpath/intercept/DefaultCallSiteDecorator
instanceKlass org/gradle/internal/classpath/intercept/CallInterceptorResolver
instanceKlass org/gradle/internal/instrumentation/api/types/FilterableBytecodeInterceptorFactory$BytecodeUpgradeReportInterceptorFactory
instanceKlass org/gradle/internal/instrumentation/api/types/FilterableBytecodeInterceptor$BytecodeUpgradeReportInterceptor
instanceKlass org/gradle/internal/instrumentation/api/types/FilterableBytecodeInterceptorFactory$BytecodeUpgradeInterceptorFactory
instanceKlass org/gradle/internal/instrumentation/api/types/FilterableBytecodeInterceptor$BytecodeUpgradeInterceptor
instanceKlass org/gradle/internal/instrumentation/api/types/FilterableBytecodeInterceptorFactory$InstrumentationInterceptorFactory
instanceKlass org/gradle/internal/instrumentation/api/types/FilterableBytecodeInterceptorFactory
instanceKlass org/gradle/internal/instrumentation/api/types/FilterableBytecodeInterceptor$InstrumentationInterceptor
instanceKlass org/gradle/internal/instrumentation/api/types/FilterableBytecodeInterceptor
instanceKlass java/lang/invoke/DirectMethodHandle$1
instanceKlass org/gradle/internal/classpath/MethodHandleUtils
instanceKlass sun/invoke/util/ValueConversions$1
instanceKlass sun/invoke/util/ValueConversions$WrapperCache
instanceKlass org/gradle/internal/configuration/inputs/AccessTrackingProperties$Listener
instanceKlass org/gradle/internal/classpath/InstrumentableClosure
instanceKlass ijresolvers1_68xcoaz43cqefrdoddacbz2aj$1
instanceKlass net/neoforged/moddevgradle/internal/ModFolder
instanceKlass net/neoforged/moddevgradle/internal/ModFoldersProvider
instanceKlass org/gradle/process/internal/DefaultJavaDebugOptions
instanceKlass org/gradle/process/internal/JvmOptions
instanceKlass org/gradle/process/internal/EffectiveJavaForkOptions
instanceKlass org/gradle/process/internal/ProcessArgumentsSpec
instanceKlass org/gradle/process/internal/ProcessStreamsSpec
instanceKlass org/gradle/process/internal/JvmDebugSpec
instanceKlass com/google/common/collect/CollectSpliterators$FlatMapSpliterator$Factory
instanceKlass com/google/common/collect/CollectSpliterators$FlatMapSpliterator
instanceKlass com/google/common/collect/CollectSpliterators
instanceKlass java/util/TreeMap$TreeMapSpliterator
instanceKlass org/gradle/api/tasks/options/Option
instanceKlass org/gradle/process/ExecResult
instanceKlass org/gradle/process/internal/DefaultProcessForkOptions
instanceKlass org/gradle/process/internal/ProcessArgumentsSpec$HasExecutable
instanceKlass org/gradle/process/JavaDebugOptions
instanceKlass net/neoforged/moddevgradle/internal/generated/MinecraftVersionList
instanceKlass org/gradle/internal/serialize/codecs/core/JavaRecordCodecKt
instanceKlass net/neoforged/moddevgradle/dsl/VersionCapabilities
instanceKlass org/gradle/api/internal/file/collections/MinimalFileSet
instanceKlass org/gradle/internal/instantiation/managed/DefaultManagedObjectRegistry$ReflectionCache$GetMethodKey
instanceKlass org/gradle/internal/instantiation/managed/ManagedObjectCreator
instanceKlass org/gradle/api/internal/DelegatingDomainObjectSet
instanceKlass org/gradle/internal/instantiation/managed/DefaultManagedObjectRegistry$ReflectionCache
instanceKlass org/gradle/internal/instantiation/managed/DefaultManagedObjectRegistry
instanceKlass org/gradle/api/tasks/SourceSetOutput
instanceKlass org/gradle/api/internal/tasks/DefaultSourceSet
instanceKlass org/gradle/api/internal/tasks/AbstractTaskFilePropertyRegistration
instanceKlass org/gradle/internal/serialize/codecs/core/TaskNodeCodecKt$WhenMappings
instanceKlass org/gradle/api/internal/file/copy/CopySpecInternal$CopySpecVisitor
instanceKlass org/gradle/api/internal/file/copy/DefaultCopySpec$DefaultCopySpecAddress
instanceKlass org/gradle/api/internal/file/copy/CopySpecInternal$CopySpecListener
instanceKlass org/gradle/api/internal/file/copy/PathNotationConverter
instanceKlass org/gradle/api/internal/file/copy/DefaultCopySpec$MapBackedExpandAction
instanceKlass org/gradle/api/file/ConfigurableFilePermissions
instanceKlass org/gradle/api/file/FilePermissions
instanceKlass org/gradle/internal/reflect/MethodSet$1
instanceKlass org/gradle/api/internal/file/copy/CopySpecInternal$CopySpecAddress
instanceKlass org/gradle/api/internal/file/copy/CopyActionExecuter
instanceKlass org/gradle/api/internal/file/copy/CopySpecResolver
instanceKlass org/gradle/internal/execution/history/changes/InputChangesInternal
instanceKlass org/gradle/api/internal/file/collections/MinimalFileTree$MinimalFileTreeStructureVisitor
instanceKlass org/gradle/api/internal/file/collections/ReproducibleDirectoryWalker$PathWithAttributes
instanceKlass org/gradle/api/internal/file/collections/ReproducibleDirectoryWalker
instanceKlass org/gradle/internal/nativeintegration/services/FileSystems
instanceKlass org/gradle/api/internal/file/collections/DefaultDirectoryWalker
instanceKlass org/gradle/api/file/FileTreeElement
instanceKlass org/gradle/api/internal/file/collections/DirectoryWalker
instanceKlass org/gradle/api/internal/file/collections/DirectoryFileTree
instanceKlass org/gradle/api/internal/file/collections/LocalFileTree
instanceKlass org/gradle/api/internal/file/collections/RandomAccessFileCollection
instanceKlass org/gradle/api/internal/file/collections/PatternFilterableFileTree
instanceKlass org/gradle/internal/serialize/codecs/core/PatternSetCodecKt
instanceKlass org/gradle/internal/typeconversion/CharSequenceNotationParser
instanceKlass org/gradle/internal/serialize/codecs/core/FileTreeSpec
instanceKlass org/gradle/internal/jvm/DefaultModularitySpec
instanceKlass org/gradle/jvm/toolchain/internal/DefaultToolchainJavaCompiler
instanceKlass org/gradle/api/internal/lambdas/SerializableLambdas$SerializableSpec
instanceKlass org/gradle/api/internal/tasks/compile/CompilerForkUtils
instanceKlass org/gradle/process/CommandLineArgumentProvider
instanceKlass org/gradle/api/tasks/compile/DebugOptions
instanceKlass org/gradle/api/tasks/compile/BaseForkOptions
instanceKlass org/gradle/api/specs/Specs$2
instanceKlass org/gradle/api/specs/Specs
instanceKlass org/gradle/api/internal/project/taskfactory/DefaultTaskClassInfoStore$IncrementalTaskActionFactory
instanceKlass org/gradle/internal/extensibility/ConventionAwareHelper$MappedPropertyImpl
instanceKlass org/gradle/api/internal/ConventionMapping$MappedProperty
instanceKlass org/gradle/internal/instrumentation/api/annotations/ReplacesEagerProperty$DefaultValue
instanceKlass org/gradle/internal/instrumentation/api/annotations/ReplacedDeprecation
instanceKlass org/gradle/internal/instrumentation/api/annotations/ReplacedAccessor
instanceKlass org/gradle/api/internal/tasks/compile/CleaningJavaCompiler
instanceKlass org/gradle/api/tasks/compile/CompileOptions
instanceKlass org/gradle/api/jvm/ModularitySpec
instanceKlass org/gradle/api/internal/tasks/compile/DefaultJvmLanguageCompileSpec
instanceKlass org/gradle/api/internal/tasks/compile/incremental/recomp/AbstractRecompilationSpecProvider
instanceKlass org/gradle/work/InputChanges
instanceKlass org/gradle/api/internal/tasks/compile/incremental/recomp/RecompilationSpecProvider
instanceKlass org/gradle/api/internal/tasks/compile/JavaCompileSpec
instanceKlass org/gradle/api/internal/tasks/compile/JvmLanguageCompileSpec
instanceKlass org/gradle/language/base/internal/compile/CompileSpec
instanceKlass org/gradle/api/internal/tasks/compile/HasCompileOptions
instanceKlass org/gradle/internal/serialize/codecs/core/WorkNodeCodec$NodeWithId
instanceKlass org/gradle/execution/plan/ResolveMutationsNode$2
instanceKlass org/gradle/api/internal/tasks/execution/ResolveTaskMutationsBuildOperationType$Result
instanceKlass org/gradle/execution/plan/NodeComparator
instanceKlass org/gradle/execution/plan/NodeSets
instanceKlass org/gradle/execution/plan/ConsumerState
instanceKlass org/gradle/execution/plan/MutationInfo
instanceKlass org/gradle/execution/plan/edges/DependentNodesSet$1
instanceKlass org/gradle/execution/plan/edges/DependentNodesSet
instanceKlass org/gradle/execution/plan/edges/DependencyNodesSet$1
instanceKlass org/gradle/execution/plan/edges/DependencyNodesSet
instanceKlass org/gradle/execution/plan/TaskNodeFactory$DefaultTypeOriginInspectorFactory$ProjectScopedTypeOriginInspector
instanceKlass org/gradle/internal/execution/impl/DefaultWorkValidationContext
instanceKlass org/gradle/execution/plan/NodeGroup
instanceKlass org/gradle/api/internal/tasks/DefaultTaskInputPropertyRegistration
instanceKlass org/gradle/api/internal/tasks/TaskInputPropertyRegistration
instanceKlass org/gradle/internal/properties/StaticValue
instanceKlass org/gradle/internal/serialize/codecs/core/TaskReferenceCodec$WhenMappings
instanceKlass org/gradle/api/internal/provider/AbstractCollectionProperty$FixedSupplier
instanceKlass net/neoforged/nfrtgradle/ArtifactManifestEntry
instanceKlass java/util/EnumSet$SerializationProxy
instanceKlass org/gradle/jvm/toolchain/internal/JavaToolchainInput
instanceKlass org/gradle/jvm/toolchain/JavadocTool
instanceKlass org/gradle/jvm/toolchain/internal/JavaToolchain
instanceKlass org/gradle/jvm/toolchain/JavaInstallationMetadata
instanceKlass org/gradle/language/java/internal/JavadocServices$JavadocProjectScopeServices$1
instanceKlass org/gradle/api/internal/tasks/compile/daemon/CompilerWorkerExecutor
instanceKlass org/gradle/language/base/internal/compile/Compiler
instanceKlass org/gradle/api/internal/tasks/compile/DefaultJavaCompilerFactory
instanceKlass org/gradle/api/internal/DependencyClassPathProvider
instanceKlass org/gradle/api/internal/tasks/compile/processing/AnnotationProcessorDeclarationSerializer
instanceKlass org/gradle/api/internal/tasks/compile/processing/AnnotationProcessorDetector$ProcessorServiceLocator
instanceKlass org/gradle/process/internal/worker/child/DefaultWorkerDirectoryProvider
instanceKlass org/gradle/workers/internal/WorkerDaemonClientCancellationHandler$KillWorkers
instanceKlass org/gradle/workers/internal/WorkerDaemonExpiration
instanceKlass org/gradle/workers/internal/WorkerDaemonClientsManager$LogLevelChangeEventListener
instanceKlass org/gradle/workers/internal/WorkerDaemonClientsManager$StopSessionScopedWorkers
instanceKlass org/gradle/workers/internal/WorkerDaemonStarter
instanceKlass org/gradle/workers/internal/WorkerDaemonClient
instanceKlass org/gradle/process/internal/health/memory/MemoryHolder
instanceKlass org/gradle/workers/internal/DefaultActionExecutionSpecFactory
instanceKlass org/gradle/process/internal/worker/child/ApplicationClassesInSystemClassLoaderWorkerImplementationFactory
instanceKlass org/gradle/process/internal/worker/MultiRequestWorkerProcessBuilder
instanceKlass org/gradle/process/internal/worker/WorkerProcessBuilder
instanceKlass org/gradle/process/internal/worker/WorkerProcessSettings
instanceKlass org/gradle/process/internal/worker/DefaultWorkerProcessFactory
instanceKlass org/gradle/process/internal/health/memory/DefaultMemoryManager$MemoryCheck
instanceKlass org/gradle/process/internal/health/memory/DefaultMemoryManager$OsMemoryListener
instanceKlass org/gradle/process/internal/health/memory/DefaultAvailableOsMemoryStatusAspect
instanceKlass org/gradle/process/internal/health/memory/OsMemoryStatusAspect$Available
instanceKlass org/gradle/process/internal/health/memory/OsMemoryStatusSnapshot
instanceKlass net/rubygrapefruit/platform/internal/jni/WindowsMemoryFunctions
instanceKlass net/rubygrapefruit/platform/internal/DefaultWindowsMemoryInfo
instanceKlass net/rubygrapefruit/platform/memory/WindowsMemoryInfo
instanceKlass net/rubygrapefruit/platform/memory/MemoryInfo
instanceKlass net/rubygrapefruit/platform/internal/DefaultWindowsMemory
instanceKlass org/gradle/process/internal/health/memory/JvmMemoryStatusListener
instanceKlass org/gradle/process/internal/health/memory/OsMemoryStatusAspect
instanceKlass org/gradle/process/internal/health/memory/DefaultMemoryManager
instanceKlass org/gradle/process/internal/health/memory/JvmMemoryStatus
instanceKlass org/gradle/process/internal/health/memory/DefaultJvmMemoryInfo
instanceKlass org/gradle/process/internal/health/memory/OsMemoryStatus
instanceKlass org/gradle/process/internal/health/memory/WindowsOsMemoryInfo
instanceKlass org/gradle/process/internal/health/memory/MBeanAttributeProvider
instanceKlass org/gradle/process/internal/health/memory/DefaultOsMemoryInfo
instanceKlass org/gradle/internal/jvm/inspection/DefaultJvmVersionDetector
instanceKlass org/gradle/internal/remote/internal/hub/MessageHubBackedServer
instanceKlass org/gradle/jvm/toolchain/internal/JavaToolchainQueryService$1
instanceKlass org/gradle/internal/jvm/inspection/JvmVendor$1
instanceKlass org/gradle/internal/jvm/inspection/JvmVendor
instanceKlass org/gradle/jvm/toolchain/JvmImplementation
instanceKlass org/gradle/jvm/toolchain/JvmVendorSpec
instanceKlass org/gradle/internal/jvm/inspection/DefaultJavaInstallationRegistry$Installations
instanceKlass org/gradle/api/internal/provider/ValueSupplier$UnknownProducer
instanceKlass org/gradle/api/internal/provider/ValueSupplier$NoProducer
instanceKlass org/gradle/internal/configuration/inputs/NoOpInputsListener
instanceKlass org/gradle/internal/configuration/inputs/InstrumentedInputs
instanceKlass org/gradle/jvm/toolchain/internal/AutoInstalledInstallationSupplier
instanceKlass org/gradle/jvm/toolchain/internal/CurrentInstallationSupplier
instanceKlass org/gradle/jvm/toolchain/internal/LocationListInstallationSupplier
instanceKlass org/gradle/jvm/toolchain/internal/EnvironmentVariableJavaHomeInstallationSupplier
instanceKlass org/gradle/jvm/toolchain/internal/EnvironmentVariableListInstallationSupplier
instanceKlass org/gradle/platform/internal/CurrentBuildPlatform$1
instanceKlass net/rubygrapefruit/platform/internal/MutableSystemInfo
instanceKlass net/rubygrapefruit/platform/internal/DefaultSystemInfo
instanceKlass org/gradle/internal/jvm/inspection/JavaInstallationCapability$1
instanceKlass org/gradle/internal/RenderingUtils
instanceKlass org/gradle/jvm/toolchain/internal/install/DefaultJdkCacheDirectory
instanceKlass org/gradle/jvm/toolchain/internal/DefaultJavaToolchainRepositoryHandler$RepositoryNamer
instanceKlass org/gradle/jvm/toolchain/internal/JavaToolchainRepositoryInternal
instanceKlass com/google/common/reflect/Reflection
instanceKlass com/google/common/reflect/Types$TypeVariableInvocationHandler
instanceKlass com/google/common/reflect/Types$TypeVariableImpl
instanceKlass com/google/common/reflect/Types$NativeTypeVariableEquals
instanceKlass org/gradle/api/internal/DynamicPropertyNamer
instanceKlass org/gradle/api/services/BuildServiceParameters$None
instanceKlass org/gradle/api/services/internal/DefaultBuildServicesRegistry$DefaultServiceRegistration
instanceKlass org/gradle/api/services/BuildServiceRegistration
instanceKlass org/gradle/internal/resources/SharedResource
instanceKlass org/gradle/api/services/internal/BuildServiceProvider$Listener
instanceKlass kotlin/ReplaceWith
instanceKlass kotlin/Deprecated
instanceKlass org/gradle/internal/flow/services/BuildFlowScope$State
instanceKlass org/gradle/api/flow/FlowScope$Registration
instanceKlass org/gradle/api/flow/FlowParameters
instanceKlass org/gradle/jvm/toolchain/internal/DefaultJavaToolchainRepositoryHandler
instanceKlass org/gradle/jvm/toolchain/internal/RealizedJavaToolchainRepository
instanceKlass org/gradle/jvm/toolchain/JavaToolchainRepository
instanceKlass org/gradle/api/services/BuildServiceSpec
instanceKlass org/gradle/jvm/toolchain/internal/JavaToolchainRepositoryHandlerInternal
instanceKlass org/gradle/jvm/toolchain/JavaToolchainRepositoryHandler
instanceKlass org/gradle/jvm/toolchain/internal/DefaultJavaToolchainResolverRegistry
instanceKlass net/rubygrapefruit/platform/internal/DefaultWindowsRegistry
instanceKlass com/sun/org/apache/xerces/internal/utils/XMLSecurityPropertyManager
instanceKlass com/sun/org/apache/xerces/internal/utils/XMLSecurityManager
instanceKlass javax/xml/parsers/FactoryFinder$1
instanceKlass javax/xml/parsers/FactoryFinder
instanceKlass javax/xml/parsers/DocumentBuilderFactory
instanceKlass jdk/xml/internal/XMLSecurityManager
instanceKlass jdk/xml/internal/JdkXmlFeatures
instanceKlass javax/xml/xpath/XPathFactoryFinder$2
instanceKlass javax/xml/xpath/XPathFactoryFinder
instanceKlass jdk/xml/internal/SecuritySupport
instanceKlass javax/xml/xpath/XPathFactory
instanceKlass org/gradle/internal/xml/XmlFactories
instanceKlass org/gradle/internal/Try
instanceKlass org/gradle/api/internal/provider/TypeSanitizingTransformer
instanceKlass net/neoforged/moddevgradle/internal/utils/PropertyUtils
instanceKlass org/gradle/api/internal/provider/Providers$SerializableCallable
instanceKlass org/gradle/api/internal/provider/DefaultMapProperty$FixedSupplier
instanceKlass org/gradle/api/internal/artifacts/ivyservice/resolveengine/artifact/ArtifactSetToFileCollectionFactory$NameBackedResolutionHost
instanceKlass org/gradle/api/internal/artifacts/ivyservice/resolveengine/artifact/ArtifactVisitor
instanceKlass org/gradle/api/internal/artifacts/ivyservice/resolveengine/artifact/ArtifactSetToFileCollectionFactory$PartialSelectedArtifactSet
instanceKlass org/gradle/api/internal/artifacts/ivyservice/resolveengine/artifact/ResolvedFileVisitor
instanceKlass org/gradle/internal/serialize/codecs/dm/FixedFileMetadata
instanceKlass org/gradle/internal/component/local/model/LocalFileDependencyMetadata
instanceKlass org/gradle/api/internal/artifacts/ivyservice/resolveengine/artifact/ResolvedVariantSet
instanceKlass org/gradle/internal/serialize/codecs/dm/FixedArtifactVariantSelector
instanceKlass org/gradle/api/internal/artifacts/transform/ArtifactVariantSelector
instanceKlass org/gradle/internal/serialize/codecs/dm/MappingSpec
instanceKlass org/gradle/api/internal/attributes/immutable/artifact/ImmutableArtifactTypeRegistry
instanceKlass org/gradle/api/internal/attributes/DefaultImmutableAttributesEntry
instanceKlass org/gradle/api/internal/provider/ValueSupplier$FixedSideEffect
instanceKlass org/gradle/api/internal/provider/ValueSupplier$SideEffectBuilder
instanceKlass org/gradle/api/internal/provider/ValueSupplier$SideEffect
instanceKlass org/gradle/api/internal/provider/AppendOnceList
instanceKlass org/gradle/api/internal/provider/ValueSupplier$ValueProducer
instanceKlass org/gradle/api/internal/provider/MapCollectors$SingleEntry
instanceKlass org/gradle/internal/serialize/codecs/dm/AttributeContainerCodecsKt
instanceKlass org/gradle/api/specs/Specs$1
instanceKlass org/gradle/internal/serialize/codecs/core/FilteredFileCollectionSpec
instanceKlass org/gradle/internal/serialize/codecs/core/SubtractingFileCollectionSpec
instanceKlass org/gradle/api/internal/file/collections/DefaultConfigurableFileCollection$UnresolvedItemsCollector
instanceKlass org/gradle/api/internal/file/collections/DefaultConfigurableFileCollection$Configurer
instanceKlass org/gradle/api/internal/file/collections/DefaultConfigurableFileCollection$EmptyCollector
instanceKlass org/gradle/api/internal/file/collections/DefaultConfigurableFileCollection$ValueCollector
instanceKlass org/gradle/internal/serialize/codecs/core/ProviderBackedFileCollectionSpec
instanceKlass org/gradle/api/internal/artifacts/NamedVariantIdentifier
instanceKlass org/gradle/internal/serialize/codecs/core/ResolutionBackedFileCollectionSpec
instanceKlass java/lang/invoke/SerializedLambda$1
instanceKlass org/gradle/api/internal/DefaultNamedDomainObjectCollection$ObjectBackedElementInfo
instanceKlass org/gradle/api/internal/DefaultNamedDomainObjectCollection$ElementInfo
instanceKlass org/gradle/internal/resources/DefaultResourceLockCoordinationService$ReleaseLocks
instanceKlass org/gradle/model/internal/registry/RuleBindings$ScopeIndex
instanceKlass org/gradle/model/internal/registry/RuleBindings$PredicateMatches
instanceKlass org/gradle/model/internal/registry/DefaultModelRegistry$5
instanceKlass org/gradle/model/internal/registry/NodeAtState
instanceKlass org/gradle/model/internal/registry/DefaultModelRegistry$GoalGraph
instanceKlass org/gradle/model/internal/registry/RuleBindings$NodeAtStateIndex
instanceKlass org/gradle/model/internal/registry/RuleBindings$TypePredicateIndex
instanceKlass org/gradle/model/internal/registry/RuleBindings$PathPredicateIndex
instanceKlass org/gradle/model/internal/registry/RuleBindings
instanceKlass org/gradle/model/internal/registry/ModelGraph
instanceKlass org/gradle/model/internal/core/DefaultModelRegistration
instanceKlass org/gradle/model/internal/core/AbstractModelAction
instanceKlass org/gradle/model/internal/core/EmptyModelProjection
instanceKlass org/gradle/model/internal/core/ModelProjection
instanceKlass org/gradle/model/internal/core/ModelAdapter
instanceKlass org/gradle/model/internal/core/ModelPromise
instanceKlass org/gradle/model/internal/core/ModelRegistrations$Builder$DescriptorReference
instanceKlass org/gradle/model/internal/core/ModelRegistration
instanceKlass org/gradle/model/internal/core/ModelAction
instanceKlass org/gradle/model/internal/core/ModelRegistrations$Builder
instanceKlass org/gradle/model/internal/core/ModelRegistrations
instanceKlass org/gradle/model/internal/registry/BoringProjectState
instanceKlass org/gradle/model/internal/core/ModelPredicate
instanceKlass org/gradle/model/internal/registry/DefaultModelRegistry$ModelGoal
instanceKlass org/gradle/model/internal/registry/ModelNodeInternal
instanceKlass org/gradle/model/internal/registry/DefaultModelRegistry
instanceKlass org/gradle/model/internal/registry/ModelRegistryInternal
instanceKlass org/gradle/api/internal/project/taskfactory/StandardTaskAction
instanceKlass org/gradle/api/internal/project/taskfactory/DefaultTaskClassInfoStore$StandardTaskActionFactory
instanceKlass org/gradle/internal/properties/annotations/DefaultTypeMetadataStore$DefaultTypeMetadata
instanceKlass org/gradle/internal/properties/annotations/DefaultTypeMetadataStore$DefaultFunctionMetadata
instanceKlass com/google/common/collect/TransformedIterator
instanceKlass org/gradle/api/reflect/TypeOf$4
instanceKlass org/gradle/internal/properties/annotations/DefaultTypeMetadataStore$DefaultPropertyMetadata
instanceKlass org/gradle/internal/reflect/annotations/FunctionAnnotationMetadata
instanceKlass org/gradle/internal/reflect/annotations/impl/DefaultTypeAnnotationMetadataStore$MethodSignature
instanceKlass com/google/common/collect/NullnessCasts
instanceKlass com/google/common/collect/AbstractMapBasedMultimap$Itr
instanceKlass com/google/common/collect/Iterators$ConcatenatedIterator
instanceKlass org/gradle/internal/reflect/validation/TypeAwareProblemBuilder
instanceKlass com/google/common/collect/AbstractMapBasedMultimap$KeySet$1
instanceKlass com/google/common/collect/SortedIterables
instanceKlass org/gradle/internal/reflect/annotations/impl/DefaultTypeAnnotationMetadata
instanceKlass org/gradle/internal/reflect/annotations/impl/AbstractHasAnnotationMetadata
instanceKlass com/google/common/collect/MultimapBuilder$ArrayListSupplier
instanceKlass org/gradle/internal/reflect/annotations/impl/DefaultTypeAnnotationMetadataStore$HasAnnotationMetadataBuilder
instanceKlass org/gradle/internal/reflect/annotations/impl/DefaultTypeAnnotationMetadataStore$TypeAnnotationMetadataVisitor
instanceKlass org/gradle/internal/reflect/validation/ReplayingTypeValidationContext
instanceKlass org/gradle/api/internal/project/taskfactory/TaskClassInfo
instanceKlass org/gradle/internal/cc/impl/AbstractTaskProjectAccessChecker
instanceKlass org/gradle/internal/cc/impl/ConfigurationCacheServices$TaskExecutionAccessCheckerProvider$workGraphLoadingStateFrom$2
instanceKlass org/gradle/api/internal/tasks/DefaultTaskRequiredServices
instanceKlass org/gradle/api/internal/tasks/DefaultTaskLocalState
instanceKlass org/gradle/api/internal/tasks/DefaultTaskDestroyables
instanceKlass org/gradle/api/internal/tasks/TaskDestroyablesInternal
instanceKlass org/gradle/api/tasks/TaskOutputFilePropertyBuilder
instanceKlass org/gradle/api/internal/tasks/properties/OutputUnpacker$UnpackedOutputConsumer
instanceKlass org/gradle/api/internal/tasks/DefaultTaskOutputs
instanceKlass org/gradle/api/internal/TaskOutputsEnterpriseInternal
instanceKlass org/gradle/api/internal/tasks/TaskInputsDeprecationSupport
instanceKlass org/gradle/api/tasks/util/internal/PatternSets
instanceKlass org/gradle/api/internal/FilePropertyContainer
instanceKlass org/gradle/api/tasks/TaskInputPropertyBuilder
instanceKlass org/gradle/api/internal/tasks/TaskInputFilePropertyRegistration
instanceKlass org/gradle/api/internal/tasks/TaskInputFilePropertyBuilderInternal
instanceKlass org/gradle/api/internal/tasks/TaskFilePropertyBuilderInternal
instanceKlass org/gradle/api/internal/tasks/TaskPropertyRegistration
instanceKlass org/gradle/internal/properties/PropertyValue
instanceKlass org/gradle/api/tasks/TaskInputFilePropertyBuilder
instanceKlass org/gradle/api/tasks/TaskFilePropertyBuilder
instanceKlass org/gradle/api/tasks/TaskPropertyBuilder
instanceKlass org/gradle/api/internal/tasks/DefaultTaskInputs
instanceKlass org/gradle/api/internal/tasks/AbstractTaskDependency$1
instanceKlass org/gradle/api/internal/tasks/execution/SelfDescribingSpec
instanceKlass org/gradle/api/internal/AbstractTask$10
instanceKlass org/gradle/internal/instantiation/generator/AsmBackedClassGenerator$AttachedProperty
instanceKlass org/gradle/api/SupportsKotlinAssignmentOverloading
instanceKlass org/gradle/api/internal/tasks/AbstractTaskDependency
instanceKlass org/gradle/api/internal/tasks/TaskDependencyContainerInternal
instanceKlass org/gradle/api/internal/tasks/TaskMutator
instanceKlass org/gradle/api/internal/tasks/properties/ServiceReferenceSpec
instanceKlass org/gradle/api/internal/tasks/properties/PropertySpec
instanceKlass org/gradle/api/specs/CompositeSpec
instanceKlass org/gradle/internal/snapshot/impl/ImplementationSnapshot
instanceKlass org/gradle/api/internal/tasks/TaskStateInternal
instanceKlass org/gradle/jvm/toolchain/JavaLauncher
instanceKlass org/gradle/api/internal/AbstractTask$TaskInfo
instanceKlass org/gradle/api/internal/tasks/TaskDependencyInternal
instanceKlass java/beans/PropertyChangeListener
instanceKlass groovy/util/ObservableList
instanceKlass org/gradle/api/internal/tasks/InputChangesAwareTaskAction
instanceKlass org/gradle/api/internal/tasks/ImplementationAwareTaskAction
instanceKlass org/gradle/api/internal/tasks/TaskRequiredServices
instanceKlass org/gradle/api/internal/tasks/TaskLocalStateInternal
instanceKlass org/gradle/api/tasks/TaskLocalState
instanceKlass org/gradle/api/tasks/TaskDestroyables
instanceKlass org/gradle/api/internal/TaskOutputsInternal
instanceKlass org/gradle/api/internal/TaskInputsInternal
instanceKlass org/gradle/api/tasks/TaskOutputs
instanceKlass org/gradle/api/tasks/TaskInputs
instanceKlass org/gradle/api/tasks/TaskState
instanceKlass org/gradle/api/internal/project/taskfactory/TaskFactory$1
instanceKlass org/gradle/tooling/internal/provider/runner/PluginApplicationTracker$PluginApplication
instanceKlass org/gradle/api/internal/tasks/DefaultTaskContainer$RealizeDetails
instanceKlass org/gradle/api/internal/tasks/DefaultTaskContainer$2
instanceKlass org/gradle/internal/serialize/codecs/core/TaskNodeCodecKt
instanceKlass org/gradle/internal/cc/base/serialize/ProjectRefKt
instanceKlass org/gradle/internal/classloader/JarCompat
instanceKlass com/google/common/base/Throwables
instanceKlass com/google/common/collect/Count
instanceKlass org/gradle/api/internal/initialization/loadercache/DefaultClassLoaderCache$CachedClassLoader
instanceKlass org/gradle/internal/classloader/TransformErrorHandler
instanceKlass org/gradle/internal/classloader/TransformReplacer$Loader
instanceKlass org/gradle/internal/classloader/TransformReplacer
instanceKlass org/gradle/internal/fingerprint/impl/IgnoredPathFileSystemLocationFingerprint$1
instanceKlass org/gradle/internal/fingerprint/impl/IgnoredPathFileSystemLocationFingerprint
instanceKlass org/gradle/internal/io/IoSupplier
instanceKlass org/gradle/api/internal/changedetection/state/DefaultRegularFileSnapshotContext
instanceKlass org/gradle/internal/fingerprint/classpath/impl/ClasspathFingerprintingStrategy$ClasspathFingerprintingVisitor$1
instanceKlass org/gradle/internal/fingerprint/hashing/RegularFileSnapshotContext
instanceKlass org/gradle/internal/fingerprint/classpath/impl/ClasspathFingerprintingStrategy$ClasspathFingerprintingVisitor
instanceKlass org/gradle/internal/snapshot/FileSystemSnapshot$1
instanceKlass org/gradle/internal/fingerprint/impl/DefaultCurrentFileCollectionFingerprint
instanceKlass org/gradle/internal/snapshot/CompositeFileSystemSnapshot
instanceKlass org/gradle/internal/snapshot/SnapshotHierarchy$SnapshotDiffListener
instanceKlass org/gradle/internal/watch/registry/impl/SnapshotCollectingDiffListener
instanceKlass org/gradle/api/internal/file/DelegatingFileCollectionStructureVisitor
instanceKlass org/gradle/api/internal/file/FileCollectionStructureVisitor$1
instanceKlass org/gradle/api/internal/initialization/ClassLoaderScopeIdentifier$Id
instanceKlass kotlin/collections/MapWithDefault
instanceKlass org/gradle/internal/operations/DefaultBuildOperationQueue$WorkerRunnable
instanceKlass org/gradle/internal/serialize/codecs/core/WorkNodeCodecKt$asBuildOperation$1
instanceKlass org/gradle/internal/serialize/codecs/core/WorkNodeCodecKt
instanceKlass org/gradle/internal/serialize/codecs/core/OperationInfo
instanceKlass org/gradle/internal/operations/DefaultBuildOperationQueue
instanceKlass org/gradle/internal/operations/BuildOperationQueue$QueueWorker
instanceKlass org/gradle/internal/serialize/codecs/core/WorkNodeCodec$runBuildOperations$1$1
instanceKlass org/gradle/internal/serialize/graph/codecs/NotImplementedCodec
instanceKlass org/gradle/internal/serialize/codecs/core/OrdinalNodeCodec
instanceKlass org/gradle/internal/serialize/codecs/core/ActionNodeCodec
instanceKlass org/gradle/internal/serialize/graph/codecs/DelegatingCodec
instanceKlass org/gradle/internal/serialize/codecs/core/TaskNodeCodec
instanceKlass org/gradle/internal/cc/base/exceptions/ConfigurationCacheThrowable
instanceKlass org/gradle/internal/serialize/codecs/core/WorkNodeCodec
instanceKlass org/gradle/internal/event/BroadcastDispatch$ActionInvocationHandler
instanceKlass org/gradle/api/internal/project/DefaultDynamicLookupRoutine
instanceKlass org/gradle/internal/metaobject/DynamicInvokeResult
instanceKlass org/gradle/plugin/software/internal/SoftwareFeatureSupportInternal$DefaultProjectFeatureDefinitionContext
instanceKlass org/gradle/plugin/software/internal/SoftwareFeatureSupportInternal$DefaultProjectFeatureDefinitionContext$Factory
instanceKlass org/gradle/plugin/software/internal/SoftwareFeatureSupportInternal$ProjectFeatureDefinitionContext
instanceKlass org/gradle/plugin/software/internal/SoftwareFeatureSupportInternal
instanceKlass org/gradle/plugin/software/internal/SoftwareFeatureImplementation
instanceKlass org/gradle/plugin/software/internal/DefaultSoftwareFeatureApplicator
instanceKlass org/gradle/api/internal/plugins/DefaultPluginManager$3
instanceKlass org/gradle/api/plugins/AppliedPlugin
instanceKlass org/gradle/internal/code/UserCodeApplicationId
instanceKlass org/gradle/internal/code/UserCodeSource
instanceKlass org/gradle/api/internal/plugins/ApplyPluginBuildOperationType$Result
instanceKlass org/gradle/api/internal/plugins/PluginInstantiator
instanceKlass org/gradle/api/internal/plugins/DefaultPluginManager
instanceKlass org/gradle/api/internal/plugins/ImperativeOnlyPluginTarget
instanceKlass org/gradle/api/internal/plugins/RuleBasedPluginTarget
instanceKlass com/google/common/collect/FluentIterable
instanceKlass org/gradle/model/internal/inspect/ModelRuleExtractor$CachedRuleSource
instanceKlass org/gradle/model/internal/inspect/MethodModelRuleExtractionContext
instanceKlass org/gradle/model/Rules
instanceKlass org/gradle/model/Validate
instanceKlass org/gradle/model/Finalize
instanceKlass org/gradle/model/Mutate
instanceKlass org/gradle/model/Defaults
instanceKlass org/gradle/model/internal/core/NodeInitializerRegistry
instanceKlass org/gradle/model/Model
instanceKlass org/gradle/model/internal/inspect/MethodModelRuleExtractors
instanceKlass org/gradle/model/internal/manage/instance/ManagedInstance
instanceKlass org/gradle/model/internal/manage/schema/extract/ManagedProxyClassGenerator$GeneratedView
instanceKlass org/gradle/model/internal/manage/instance/ModelElementState
instanceKlass org/gradle/model/internal/manage/instance/GeneratedViewState
instanceKlass org/gradle/model/internal/manage/binding/StructMethodBinding
instanceKlass org/gradle/internal/reflect/Types$TypeVisitor
instanceKlass org/gradle/model/internal/manage/binding/StructBindings
instanceKlass org/gradle/model/internal/manage/binding/StructBindingValidationProblemCollector
instanceKlass org/gradle/model/internal/manage/binding/DefaultStructBindingsStore
instanceKlass org/gradle/plugin/software/internal/DefaultModelDefaultsApplicator
instanceKlass org/gradle/platform/base/BinaryTasks
instanceKlass org/gradle/model/internal/core/ModelPath$Cache
instanceKlass org/gradle/platform/base/BinaryContainer
instanceKlass org/gradle/platform/base/ComponentType
instanceKlass org/gradle/platform/base/SourceComponentSpec
instanceKlass org/gradle/language/base/LanguageSourceSet
instanceKlass org/gradle/model/internal/typeregistration/BaseInstanceFactory
instanceKlass org/gradle/model/internal/typeregistration/InstanceFactory
instanceKlass org/gradle/model/internal/manage/schema/cache/ModelSchemaCache
instanceKlass org/gradle/model/internal/manage/schema/extract/DefaultModelSchemaStore
instanceKlass org/gradle/model/RuleSource
instanceKlass org/gradle/model/internal/manage/schema/extract/StructSchemaExtractionStrategySupport
instanceKlass org/gradle/model/internal/manage/schema/extract/JavaUtilCollectionStrategy
instanceKlass org/gradle/model/ModelMap
instanceKlass org/gradle/model/internal/manage/schema/extract/ModelMapStrategy
instanceKlass org/gradle/model/internal/manage/schema/extract/AbstractProxyClassGenerator
instanceKlass org/gradle/model/internal/manage/schema/extract/SpecializedMapStrategy
instanceKlass org/gradle/model/internal/type/WildcardTypeWrapper
instanceKlass org/gradle/model/internal/type/WildcardWrapper
instanceKlass org/gradle/model/internal/type/ParameterizedTypeWrapper
instanceKlass org/gradle/model/ModelSet
instanceKlass org/gradle/model/internal/manage/schema/CompositeSchema
instanceKlass org/gradle/model/internal/manage/schema/AbstractModelSchema
instanceKlass org/gradle/model/internal/manage/schema/ManagedImplSchema
instanceKlass org/gradle/model/internal/manage/schema/extract/ModelSetStrategy
instanceKlass org/gradle/model/internal/manage/schema/extract/JdkValueTypeStrategy
instanceKlass org/gradle/model/internal/manage/schema/extract/EnumStrategy
instanceKlass org/gradle/model/internal/manage/schema/ModelSchema
instanceKlass org/gradle/model/internal/manage/schema/extract/PrimitiveStrategy
instanceKlass org/gradle/model/internal/manage/schema/extract/ModelSchemaExtractionContext
instanceKlass org/gradle/model/internal/manage/schema/extract/DefaultModelSchemaExtractor
instanceKlass org/gradle/platform/base/ComponentBinaries
instanceKlass org/gradle/platform/base/VariantComponentSpec
instanceKlass org/gradle/platform/base/VariantComponent
instanceKlass org/gradle/model/internal/inspect/RuleSourceValidationProblemCollector
instanceKlass org/gradle/model/internal/inspect/ExtractedModelRule
instanceKlass org/gradle/model/internal/inspect/AbstractAnnotationDrivenModelRuleExtractor
instanceKlass org/gradle/model/internal/manage/schema/extract/ModelSchemaAspect
instanceKlass org/gradle/platform/base/internal/VariantAspectExtractionStrategy
instanceKlass org/gradle/internal/declarativedsl/defaults/SoftwareFeatureRegistryIntegrationKt$softwareFeatureRegistryBasedModelDefaultsRepository$1
instanceKlass org/gradle/internal/declarativedsl/defaults/SoftwareFeatureRegistryIntegrationKt
instanceKlass kotlin/annotation/MustBeDocumented
instanceKlass org/gradle/internal/declarativedsl/evaluator/defaults/ModelDefaultsRepository
instanceKlass org/gradle/declarative/dsl/evaluation/InterpretationSequenceStep
instanceKlass org/gradle/plugin/software/internal/ModelDefaultsApplicator$ClassLoaderContext
instanceKlass org/gradle/internal/declarativedsl/interpreter/defaults/DeclarativeModelDefaultsHandler
instanceKlass org/gradle/internal/declarativedsl/interpreter/GradleProcessInterpretationSchemaBuilder
instanceKlass org/gradle/internal/declarativedsl/interpreter/StoringInterpretationSchemaBuilder
instanceKlass org/gradle/internal/declarativedsl/interpreter/MemoizedInterpretationSchemaBuilder
instanceKlass org/gradle/internal/declarativedsl/interpreter/defaults/ActionBasedModelDefaultsHandler
instanceKlass org/gradle/internal/service/scopes/ProjectBackedPropertyHost
instanceKlass org/gradle/api/internal/project/ProjectScopedTaskResolver
instanceKlass org/gradle/api/internal/initialization/DefaultSharedModelDefaults$DynamicMethods
instanceKlass org/gradle/plugin/software/internal/ModelDefault
instanceKlass org/gradle/api/internal/initialization/DefaultSharedModelDefaults
instanceKlass org/gradle/api/initialization/internal/SharedModelDefaultsInternal
instanceKlass org/gradle/internal/extensibility/ExtensibleDynamicObject$2
instanceKlass org/gradle/internal/extensibility/ExtensionsStorage$ExtensionHolder
instanceKlass org/gradle/api/plugins/ExtensionsSchema$ExtensionSchema
instanceKlass org/gradle/api/NamedDomainObjectCollectionSchema$NamedDomainObjectSchema
instanceKlass org/apache/groovy/plugin/GroovyRunnerRegistry
instanceKlass java/util/EventObject
instanceKlass org/codehaus/groovy/runtime/GroovyCategorySupport
instanceKlass java/beans/SimpleBeanInfo
instanceKlass java/beans/Transient
instanceKlass java/beans/BeanProperty
instanceKlass com/sun/beans/WildcardTypeImpl
instanceKlass com/sun/beans/introspect/PropertyInfo
instanceKlass com/sun/beans/introspect/EventSetInfo
instanceKlass com/sun/beans/WeakCache
instanceKlass com/sun/beans/TypeResolver
instanceKlass java/beans/MethodRef
instanceKlass com/sun/beans/introspect/MethodInfo$MethodOrder
instanceKlass com/sun/beans/introspect/MethodInfo
instanceKlass com/sun/beans/util/Cache$Ref
instanceKlass com/sun/beans/util/Cache$CacheEntry
instanceKlass com/sun/beans/util/Cache
instanceKlass com/sun/beans/introspect/ClassInfo
instanceKlass javax/swing/SwingContainer
instanceKlass java/beans/JavaBean
instanceKlass com/sun/beans/finder/ClassFinder
instanceKlass com/sun/beans/finder/InstanceFinder
instanceKlass java/beans/WeakIdentityMap
instanceKlass java/beans/ThreadGroupContext
instanceKlass org/codehaus/groovy/runtime/callsite/CallSiteArray
instanceKlass org/codehaus/groovy/reflection/MixinInMetaClass
instanceKlass groovy/lang/ClosureInvokingMethod
instanceKlass groovy/lang/ExpandoMetaClass$Callable
instanceKlass org/codehaus/groovy/runtime/MethodKey
instanceKlass org/codehaus/groovy/runtime/metaclass/MetaMethodIndex$EntryIterator
instanceKlass org/codehaus/groovy/runtime/GeneratedClosure
instanceKlass java/nio/file/WatchEvent$Modifier
instanceKlass java/nio/file/WatchKey
instanceKlass java/nio/file/WatchEvent$Kind
instanceKlass java/nio/file/WatchService
instanceKlass org/apache/groovy/dateutil/extensions/DateUtilStaticExtensions
instanceKlass org/apache/groovy/dateutil/extensions/DateUtilExtensions
instanceKlass org/w3c/dom/UserDataHandler
instanceKlass org/w3c/dom/Document
instanceKlass org/w3c/dom/NamedNodeMap
instanceKlass org/w3c/dom/TypeInfo
instanceKlass org/w3c/dom/Attr
instanceKlass org/w3c/dom/Element
instanceKlass org/w3c/dom/Node
instanceKlass org/w3c/dom/NodeList
instanceKlass org/apache/groovy/xml/extensions/XmlExtensions
instanceKlass org/gradle/api/internal/provider/MapPropertyExtensions
instanceKlass org/gradle/api/artifacts/DependencyArtifact
instanceKlass org/gradle/api/artifacts/dsl/DependencyModifier
instanceKlass org/gradle/api/artifacts/DependencyConstraint
instanceKlass org/gradle/api/provider/ProviderConvertible
instanceKlass org/gradle/api/artifacts/dsl/DependencyCollector
instanceKlass org/gradle/api/artifacts/ExternalModuleDependency
instanceKlass org/gradle/api/artifacts/ExternalDependency
instanceKlass org/gradle/api/artifacts/ModuleVersionSelector
instanceKlass org/gradle/api/artifacts/dsl/Dependencies
instanceKlass org/gradle/api/internal/artifacts/dsl/dependencies/DependenciesExtensionModule
instanceKlass org/codehaus/groovy/runtime/metaclass/MethodHelper
instanceKlass java/time/temporal/TemporalQuery
instanceKlass java/time/MonthDay
instanceKlass java/time/OffsetDateTime
instanceKlass java/time/OffsetTime
instanceKlass java/time/Period
instanceKlass java/time/YearMonth
instanceKlass java/time/ZonedDateTime
instanceKlass java/time/chrono/ChronoZonedDateTime
instanceKlass java/time/Year
instanceKlass java/time/chrono/ChronoPeriod
instanceKlass org/apache/groovy/datetime/extensions/DateTimeStaticExtensions
instanceKlass org/apache/groovy/datetime/extensions/DateTimeExtensions
instanceKlass org/codehaus/groovy/runtime/m12n/ExtensionModule
instanceKlass org/codehaus/groovy/runtime/m12n/PropertiesModuleFactory
instanceKlass org/codehaus/groovy/util/URLStreams
instanceKlass org/codehaus/groovy/runtime/metaclass/MetaClassRegistryImpl$DefaultModuleListener
instanceKlass org/codehaus/groovy/runtime/m12n/ExtensionModuleScanner
instanceKlass java/util/ResourceBundle$CacheKey
instanceKlass org/codehaus/groovy/runtime/DefaultGroovyStaticMethods
instanceKlass org/codehaus/groovy/runtime/RangeInfo
instanceKlass java/util/function/DoubleFunction
instanceKlass java/util/function/LongPredicate
instanceKlass java/util/function/DoublePredicate
instanceKlass org/codehaus/groovy/vmplugin/v10/PluginDefaultGroovyMethods
instanceKlass java/util/function/ToDoubleFunction
instanceKlass java/util/function/ToLongFunction
instanceKlass java/lang/ProcessHandle
instanceKlass java/lang/ProcessHandle$Info
instanceKlass org/codehaus/groovy/runtime/MetaClassHelper
instanceKlass java/lang/invoke/MethodHandleImpl$BindCaller
instanceKlass org/codehaus/groovy/ast/Variable
instanceKlass org/codehaus/groovy/vmplugin/v8/Java8
instanceKlass org/codehaus/groovy/runtime/NumberAwareComparator
instanceKlass org/codehaus/groovy/runtime/StreamGroovyMethods
instanceKlass org/codehaus/groovy/runtime/EncodingGroovyMethods
instanceKlass org/codehaus/groovy/runtime/DefaultGroovyMethodsSupport
instanceKlass org/apache/groovy/util/Maps
instanceKlass org/codehaus/groovy/vmplugin/VMPluginFactory
instanceKlass org/codehaus/groovy/reflection/ReflectionUtils
instanceKlass org/codehaus/groovy/runtime/memoize/MemoizeCache
instanceKlass org/codehaus/groovy/transform/trait/Traits$Implemented
instanceKlass org/codehaus/groovy/util/ReferenceType$HardRef
instanceKlass org/codehaus/groovy/util/ManagedReference
instanceKlass org/codehaus/groovy/reflection/ClassInfo$GlobalClassSet
instanceKlass org/codehaus/groovy/reflection/GroovyClassValue
instanceKlass org/codehaus/groovy/reflection/GroovyClassValueFactory
instanceKlass org/codehaus/groovy/reflection/ClassInfo$1
instanceKlass org/codehaus/groovy/reflection/GroovyClassValue$ComputeValue
instanceKlass org/codehaus/groovy/util/ComplexKeyHashMap$Entry
instanceKlass org/codehaus/groovy/util/ComplexKeyHashMap$EntryIterator
instanceKlass org/codehaus/groovy/util/ComplexKeyHashMap
instanceKlass org/codehaus/groovy/reflection/ReflectionCache
instanceKlass java/util/OptionalLong
instanceKlass java/util/OptionalDouble
instanceKlass java/util/stream/LongStream
instanceKlass java/util/stream/DoubleStream
instanceKlass java/lang/Process
instanceKlass java/util/Timer
instanceKlass java/util/TimerTask
instanceKlass groovy/lang/groovydoc/Groovydoc
instanceKlass groovy/lang/ListWithDefault
instanceKlass groovy/lang/Range
instanceKlass groovy/util/BufferedIterator
instanceKlass java/util/zip/ZipFile$ZipEntryIterator
instanceKlass org/codehaus/groovy/reflection/GeneratedMetaMethod$DgmMethodRecord
instanceKlass groovy/lang/MetaClassRegistry$MetaClassCreationHandle
instanceKlass org/apache/groovy/util/SystemUtil
instanceKlass org/codehaus/groovy/runtime/m12n/ExtensionModuleRegistry
instanceKlass org/codehaus/groovy/util/Reference
instanceKlass org/codehaus/groovy/util/ReferenceManager
instanceKlass org/codehaus/groovy/util/ReferenceBundle
instanceKlass org/codehaus/groovy/util/ManagedConcurrentLinkedQueue
instanceKlass groovy/lang/MetaClassRegistryChangeEventListener
instanceKlass java/util/EventListener
instanceKlass org/codehaus/groovy/runtime/m12n/ExtensionModuleScanner$ExtensionModuleListener
instanceKlass org/codehaus/groovy/runtime/metaclass/MetaClassRegistryImpl
instanceKlass org/codehaus/groovy/runtime/InvokerHelper
instanceKlass org/gradle/api/internal/plugins/ExtraPropertiesExtensionInternal
instanceKlass org/gradle/internal/extensibility/ExtensionsStorage
instanceKlass org/gradle/api/plugins/ExtraPropertiesExtension
instanceKlass org/gradle/internal/extensibility/DefaultExtensionContainer
instanceKlass org/gradle/api/internal/coerce/StringToEnumTransformer
instanceKlass org/gradle/internal/classpath/InstrumentedGroovyMetaClassHelper
instanceKlass org/codehaus/groovy/runtime/metaclass/MetaMethodIndex
instanceKlass org/codehaus/groovy/vmplugin/VMPlugin
instanceKlass org/codehaus/groovy/util/SingleKeyHashMap$Copier
instanceKlass java/beans/BeanInfo
instanceKlass org/codehaus/groovy/ast/ASTNode
instanceKlass org/codehaus/groovy/ast/NodeMetaDataHandler
instanceKlass groovy/lang/groovydoc/GroovydocHolder
instanceKlass groovyjarjarasm/asm/ClassVisitor
instanceKlass org/codehaus/groovy/runtime/metaclass/MetaMethodIndex$Entry
instanceKlass org/codehaus/groovy/runtime/metaclass/MetaMethodIndex$Header
instanceKlass org/codehaus/groovy/util/FastArray
instanceKlass org/codehaus/groovy/reflection/ClassInfo
instanceKlass org/codehaus/groovy/util/Finalizable
instanceKlass org/codehaus/groovy/reflection/CachedClass
instanceKlass groovy/lang/MetaClassImpl$MethodIndexAction
instanceKlass org/codehaus/groovy/runtime/callsite/CallSite
instanceKlass org/codehaus/groovy/reflection/ParameterTypes
instanceKlass groovy/lang/MetaClassImpl
instanceKlass groovy/lang/MutableMetaClass
instanceKlass org/gradle/internal/metaobject/BeanDynamicObject$MetaClassAdapter
instanceKlass org/gradle/api/internal/coerce/PropertySetTransformer
instanceKlass org/gradle/api/internal/coerce/MethodArgumentsTransformer
instanceKlass org/gradle/internal/BiAction
instanceKlass org/gradle/api/internal/tasks/DefaultTaskContainerFactory$1
instanceKlass org/gradle/api/internal/tasks/DefaultTaskContainer$7
instanceKlass org/gradle/api/internal/tasks/DefaultTaskContainer$6
instanceKlass org/gradle/model/internal/core/MutableModelNode
instanceKlass org/gradle/model/internal/core/ModelNode
instanceKlass org/gradle/model/internal/core/ModelPath
instanceKlass org/gradle/api/internal/project/taskfactory/TaskIdentity
instanceKlass org/gradle/api/tasks/TaskProvider
instanceKlass org/gradle/api/internal/tasks/RealizeTaskBuildOperationType$Result
instanceKlass org/gradle/api/internal/tasks/RegisterTaskBuildOperationType$Result
instanceKlass org/gradle/model/internal/core/rule/describe/SimpleModelRuleDescriptor$1
instanceKlass org/gradle/internal/Factories$2
instanceKlass org/gradle/internal/Factories
instanceKlass org/gradle/model/internal/core/rule/describe/AbstractModelRuleDescriptor
instanceKlass org/gradle/model/internal/core/rule/describe/ModelRuleDescriptor
instanceKlass org/gradle/model/internal/core/ModelReference
instanceKlass org/gradle/api/internal/tasks/DefaultTaskContainerFactory
instanceKlass org/gradle/api/internal/project/DefaultCrossProjectModelAccess
instanceKlass org/gradle/api/internal/project/taskfactory/TaskFactory
instanceKlass org/gradle/api/internal/project/taskfactory/AnnotationProcessingTaskFactory
instanceKlass org/gradle/api/internal/project/taskfactory/TaskActionFactory
instanceKlass org/gradle/api/internal/project/taskfactory/DefaultTaskClassInfoStore
instanceKlass org/gradle/workers/internal/BuildOperationAwareWorker
instanceKlass org/gradle/workers/internal/WorkersServices$ProjectScopeServices
instanceKlass org/gradle/plugins/ide/internal/DefaultIdeArtifactRegistry
instanceKlass org/gradle/plugins/ide/internal/IdeArtifactRegistry
instanceKlass org/gradle/plugin/software/internal/SoftwareFeatureApplicator
instanceKlass org/gradle/plugin/software/internal/ModelDefaultsApplicator
instanceKlass org/gradle/plugin/internal/PluginUseServices$ProjectScopeServices
instanceKlass org/gradle/nativeplatform/internal/CompilerOutputFileNamingSchemeFactory
instanceKlass org/gradle/nativeplatform/internal/services/NativeBinaryServices$ProjectCompilerServices
instanceKlass org/gradle/language/internal/DefaultNativeComponentFactory
instanceKlass org/gradle/language/internal/NativeComponentFactory
instanceKlass org/gradle/nativeplatform/toolchain/NativeToolChainRegistry
instanceKlass org/gradle/platform/base/ToolChainRegistry
instanceKlass org/gradle/language/nativeplatform/internal/toolchains/ToolChainSelector$Result
instanceKlass org/gradle/language/nativeplatform/internal/toolchains/DefaultToolChainSelector
instanceKlass org/gradle/language/nativeplatform/internal/toolchains/ToolChainSelector
instanceKlass org/gradle/language/nativeplatform/internal/incremental/IncrementalCompilerBuilder$IncrementalCompiler
instanceKlass org/gradle/language/nativeplatform/internal/incremental/DefaultIncrementalCompilerBuilder
instanceKlass org/gradle/language/nativeplatform/internal/incremental/IncrementalCompilerBuilder
instanceKlass org/gradle/api/artifacts/ConfigurationVariant
instanceKlass org/gradle/api/plugins/jvm/internal/DefaultJvmPluginServices
instanceKlass org/gradle/api/plugins/jvm/internal/JvmPluginServices
instanceKlass org/gradle/api/plugins/jvm/internal/JvmEcosystemUtilities
instanceKlass org/gradle/language/jvm/internal/JvmLanguageServices$ProjectScopeServices
instanceKlass org/gradle/language/java/internal/JavadocServices$JavadocProjectScopeServices
instanceKlass org/gradle/language/java/internal/JavaToolchainServices$ProjectScopeCompileServices
instanceKlass org/gradle/jvm/toolchain/internal/ToolchainToolFactory
instanceKlass org/gradle/jvm/toolchain/internal/JavaCompilerFactory
instanceKlass org/gradle/jvm/toolchain/JavaCompiler
instanceKlass org/gradle/jvm/toolchain/internal/DefaultJavaToolchainService
instanceKlass org/gradle/jvm/toolchain/JavaToolchainService
instanceKlass org/gradle/jvm/toolchain/internal/DefaultJavaToolchainResolverService
instanceKlass org/gradle/jvm/toolchain/internal/JavaToolchainResolverService
instanceKlass org/gradle/internal/snapshot/Snapshot
instanceKlass org/gradle/internal/snapshot/impl/DefaultSnapshottingService
instanceKlass org/gradle/internal/snapshot/SnapshottingService
instanceKlass org/gradle/internal/enterprise/test/TestTaskFilters
instanceKlass org/gradle/internal/enterprise/test/TestTaskProperties
instanceKlass org/gradle/internal/enterprise/test/TestTaskForkOptions
instanceKlass org/gradle/internal/enterprise/test/impl/DefaultTestTaskPropertiesService
instanceKlass org/gradle/internal/enterprise/test/TestTaskPropertiesService
instanceKlass org/gradle/internal/declarativedsl/provider/ProjectServices
instanceKlass org/gradle/internal/buildconfiguration/tasks/DaemonJvmPropertiesModifier
instanceKlass org/gradle/internal/buildconfiguration/services/BuildConfigurationServices$ProjectScopeServices
instanceKlass org/gradle/buildinit/plugins/internal/ProjectLayoutSetupRegistry
instanceKlass org/gradle/workers/WorkerExecutor
instanceKlass org/gradle/buildinit/plugins/internal/services/BuildInitServices$1
instanceKlass org/gradle/api/publish/maven/internal/publisher/MavenDuplicatePublicationTracker
instanceKlass org/gradle/api/publish/ivy/internal/publisher/IvyDuplicatePublicationTracker
instanceKlass org/gradle/api/plugins/jvm/internal/DefaultJvmLanguageUtilities
instanceKlass org/gradle/api/plugins/jvm/internal/JvmLanguageUtilities
instanceKlass org/gradle/api/internal/tasks/compile/GroovyCompilerFactory
instanceKlass org/gradle/language/base/internal/compile/CompilerFactory
instanceKlass org/gradle/workers/internal/IsolatedClassloaderWorkerFactory
instanceKlass org/gradle/workers/internal/WorkerDaemonFactory
instanceKlass org/gradle/workers/internal/WorkerFactory
instanceKlass org/gradle/api/internal/tasks/compile/GroovyServices$ProjectServices
instanceKlass org/gradle/api/internal/artifacts/DependencyManagementProjectScopeServices
instanceKlass org/gradle/api/internal/project/taskfactory/TaskInstantiator
instanceKlass org/gradle/model/internal/core/NamedEntityInstantiator
instanceKlass org/gradle/api/internal/file/DefaultProjectLayout
instanceKlass org/gradle/api/internal/file/TaskFileVarFactory
instanceKlass org/gradle/normalization/internal/RuntimeClasspathNormalizationInternal
instanceKlass org/gradle/normalization/RuntimeClasspathNormalization
instanceKlass org/gradle/normalization/InputNormalization
instanceKlass org/gradle/internal/service/scopes/WorkerSharedProjectScopeServices
instanceKlass org/gradle/api/internal/project/ant/AntLoggingAdapterFactory
instanceKlass org/gradle/internal/typeconversion/TypeConverter
instanceKlass org/gradle/internal/service/scopes/ProjectScopeServices
instanceKlass org/gradle/normalization/internal/InputNormalizationHandlerInternal
instanceKlass org/gradle/api/component/SoftwareComponentContainer
instanceKlass org/gradle/api/ExtensiblePolymorphicDomainObjectContainer
instanceKlass org/gradle/api/internal/rules/NamedDomainObjectFactoryRegistry
instanceKlass org/gradle/api/internal/tasks/TaskContainerInternal
instanceKlass org/gradle/api/internal/PolymorphicDomainObjectContainerInternal
instanceKlass org/gradle/api/internal/project/AntBuilderFactory
instanceKlass org/gradle/model/internal/registry/ModelRegistry
instanceKlass org/gradle/api/internal/project/DeferredProjectConfiguration
instanceKlass org/gradle/internal/model/RuleBasedPluginListener
instanceKlass org/gradle/configuration/project/ProjectConfigurationActionContainer
instanceKlass org/gradle/api/internal/plugins/ExtensionContainerInternal
instanceKlass org/gradle/api/NamedDomainObjectFactory
instanceKlass org/gradle/api/internal/project/ProjectStateInternal
instanceKlass org/gradle/api/tasks/WorkResult
instanceKlass org/gradle/api/internal/project/ProjectInternal$DetachedResolver
instanceKlass org/gradle/normalization/InputNormalizationHandler
instanceKlass org/gradle/api/ProjectState
instanceKlass org/gradle/api/internal/artifacts/DefaultProjectComponentIdentifier
instanceKlass org/gradle/api/internal/artifacts/ProjectComponentIdentifierInternal
instanceKlass org/gradle/api/internal/project/ProjectLifecycleController
instanceKlass org/gradle/internal/resources/TaskExecutionLockRegistry$1
instanceKlass org/gradle/internal/resources/ProjectLockRegistry$2
instanceKlass org/gradle/internal/resources/LockCache$1
instanceKlass org/gradle/internal/resources/ProjectLockRegistry$1
instanceKlass org/gradle/internal/lazy/UnsafeLazy
instanceKlass org/gradle/api/artifacts/component/ProjectComponentIdentifier
instanceKlass org/gradle/api/internal/project/DefaultProjectStateRegistry$ProjectStateImpl
instanceKlass org/gradle/api/internal/project/DefaultProjectStateRegistry$DefaultBuildProjectRegistry
instanceKlass org/gradle/internal/build/BuildProjectRegistry
instanceKlass org/gradle/util/internal/NameValidator
instanceKlass org/gradle/normalization/internal/InputNormalizationHandlerInternal$CachedState
instanceKlass org/gradle/internal/cc/impl/CachedProjectState
instanceKlass org/gradle/internal/cc/impl/ConfigurationCacheState$WhenMappings
instanceKlass org/gradle/api/internal/provider/ValueSupplier$ExecutionTimeValue
instanceKlass org/gradle/caching/internal/controller/service/BuildCacheLoadResult
instanceKlass org/gradle/caching/internal/controller/DefaultBuildCacheController$PackOperationExecutor
instanceKlass org/gradle/caching/internal/controller/service/NullRemoteBuildCacheServiceHandle
instanceKlass org/gradle/caching/internal/controller/service/OpFiringLocalBuildCacheServiceHandle$1
instanceKlass org/gradle/caching/internal/operations/BuildCacheLocalStoreBuildOperationType$Result
instanceKlass org/gradle/caching/internal/controller/service/BaseLocalBuildCacheServiceHandle
instanceKlass org/gradle/caching/internal/controller/service/RemoteBuildCacheServiceHandle
instanceKlass org/gradle/caching/internal/controller/service/LocalBuildCacheServiceHandle
instanceKlass org/gradle/caching/internal/controller/DefaultBuildCacheController
instanceKlass org/gradle/caching/internal/controller/service/BuildCacheServicesConfiguration
instanceKlass org/gradle/caching/internal/services/AbstractBuildCacheControllerFactory$ResultImpl
instanceKlass org/gradle/caching/internal/FinalizeBuildCacheConfigurationBuildOperationType$Result
instanceKlass org/gradle/caching/internal/services/AbstractBuildCacheControllerFactory$DescribedBuildCacheService
instanceKlass org/gradle/caching/internal/services/AbstractBuildCacheControllerFactory$BuildCacheDescriptionImpl
instanceKlass org/gradle/caching/local/internal/TemporaryFileFactory
instanceKlass org/gradle/caching/local/internal/DefaultBuildCacheTempFileStore
instanceKlass java/util/concurrent/locks/ReentrantReadWriteLock$WriteLock
instanceKlass java/util/concurrent/locks/ReentrantReadWriteLock$ReadLock
instanceKlass java/util/concurrent/locks/ReentrantReadWriteLock
instanceKlass java/util/concurrent/locks/ReadWriteLock
instanceKlass org/gradle/caching/local/internal/DirectoryBuildCache
instanceKlass org/gradle/caching/local/internal/LocalBuildCache
instanceKlass org/gradle/caching/local/internal/DirectoryBuildCacheService
instanceKlass org/gradle/caching/local/internal/LocalBuildCacheService
instanceKlass org/gradle/caching/local/internal/BuildCacheTempFileStore
instanceKlass it/unimi/dsi/fastutil/objects/ReferenceSet
instanceKlass org/gradle/internal/evaluation/EvaluationContext$PerThreadContext
instanceKlass org/gradle/internal/evaluation/EvaluationScopeContext
instanceKlass org/gradle/internal/evaluation/EvaluationContext
instanceKlass org/gradle/caching/local/internal/DirectoryBuildCacheEntryRetention
instanceKlass org/gradle/caching/internal/services/AbstractBuildCacheControllerFactory$Describer
instanceKlass org/gradle/internal/instantiation/generator/AsmBackedClassGenerator$NoOpBuilder
instanceKlass org/gradle/caching/BuildCacheService
instanceKlass org/gradle/caching/internal/services/AbstractBuildCacheControllerFactory$DetailsImpl
instanceKlass org/gradle/caching/internal/FinalizeBuildCacheConfigurationBuildOperationType$Details
instanceKlass org/gradle/caching/internal/FinalizeBuildCacheConfigurationBuildOperationType$Result$BuildCacheDescription
instanceKlass org/gradle/caching/internal/services/AbstractBuildCacheControllerFactory$1
instanceKlass org/gradle/internal/serialize/codecs/stdlib/CircularReferenceMarker
instanceKlass org/gradle/internal/serialize/codecs/stdlib/HashSetCodecKt
instanceKlass org/gradle/internal/serialize/beans/services/BeanPropertyReader$attachModelPropertiesOf$1
instanceKlass org/gradle/internal/instantiation/generator/AsmBackedClassGenerator$InvokeSerializationConstructorAndInitializeFieldsStrategy
instanceKlass org/gradle/internal/instantiation/generator/AbstractClassGenerator$GeneratedClassImpl$SerializationConstructorImpl
instanceKlass org/gradle/caching/configuration/internal/DefaultBuildCacheConfiguration
instanceKlass org/gradle/caching/local/internal/DirectoryBuildCacheServiceFactory
instanceKlass org/gradle/initialization/DefaultToolchainManagement
instanceKlass org/gradle/initialization/DefaultProjectDescriptor
instanceKlass java/util/BitSet$1BitSetSpliterator
instanceKlass java/util/BitSet
instanceKlass org/gradle/initialization/DefaultProjectDescriptorRegistry
instanceKlass org/gradle/vcs/VcsMappings
instanceKlass org/gradle/vcs/internal/services/VersionControlServices$VersionControlSettingsServices
instanceKlass org/gradle/plugin/internal/PluginUseServices$SettingsScopeServices
instanceKlass org/gradle/api/internal/plugins/PluginTarget
instanceKlass org/gradle/internal/service/scopes/SettingsScopeServices
instanceKlass org/gradle/initialization/IncludedBuildSpec
instanceKlass org/gradle/vcs/SourceControl
instanceKlass org/gradle/api/file/BuildLayout
instanceKlass org/gradle/initialization/ProjectDescriptorRegistry
instanceKlass org/gradle/plugin/management/PluginManagementSpec
instanceKlass org/gradle/initialization/ProjectDescriptorInternal
instanceKlass org/gradle/api/initialization/ProjectDescriptor
instanceKlass org/gradle/api/attributes/DocsType
instanceKlass org/gradle/api/internal/artifacts/JavaEcosystemAttributesDescriber
instanceKlass org/gradle/api/internal/artifacts/JavaEcosystemSupport$TargetJvmEnvironmentDisambiguationRules
instanceKlass org/gradle/api/internal/artifacts/JavaEcosystemSupport$TargetJvmEnvironmentCompatibilityRules
instanceKlass org/gradle/api/attributes/java/TargetJvmEnvironment
instanceKlass org/gradle/api/internal/attributes/DefaultOrderedDisambiguationRule
instanceKlass org/gradle/api/internal/attributes/DefaultOrderedCompatibilityRule
instanceKlass org/gradle/api/internal/attributes/AttributeMatchingRules
instanceKlass org/gradle/api/attributes/java/TargetJvmVersion
instanceKlass org/gradle/api/internal/artifacts/JavaEcosystemSupport$BundlingDisambiguationRules
instanceKlass org/gradle/api/internal/artifacts/JavaEcosystemSupport$BundlingCompatibilityRules
instanceKlass org/gradle/api/attributes/Bundling
instanceKlass org/gradle/api/internal/artifacts/JavaEcosystemSupport$LibraryElementsDisambiguationRules
instanceKlass org/gradle/api/internal/artifacts/JavaEcosystemSupport$LibraryElementsCompatibilityRules
instanceKlass org/gradle/api/internal/artifacts/JavaEcosystemSupport$1
instanceKlass org/gradle/api/internal/artifacts/JavaEcosystemSupport$UsageDisambiguationRules
instanceKlass org/gradle/api/internal/artifacts/JavaEcosystemSupport$UsageCompatibilityRules
instanceKlass org/gradle/api/internal/artifacts/JavaEcosystemSupport
instanceKlass org/gradle/internal/resource/UriTextResource$UriResourceLocation
instanceKlass org/gradle/api/internal/initialization/ScriptClassPathResolutionContext
instanceKlass org/gradle/api/internal/initialization/DefaultScriptHandler
instanceKlass org/gradle/api/internal/DefaultMutationGuard$1
instanceKlass org/gradle/api/internal/artifacts/LegacyResolutionParameters
instanceKlass org/gradle/api/internal/artifacts/ivyservice/ResolutionParameters$FailureResolutions
instanceKlass org/gradle/api/internal/artifacts/ivyservice/moduleconverter/AdhocRootComponentProvider
instanceKlass org/gradle/api/internal/artifacts/configurations/ConfigurationRole
instanceKlass org/gradle/api/artifacts/ResolvableConfiguration
instanceKlass org/gradle/api/artifacts/ConsumableConfiguration
instanceKlass org/gradle/api/artifacts/DependencyScopeConfiguration
instanceKlass org/gradle/api/artifacts/LegacyConfiguration
instanceKlass org/gradle/api/internal/file/AbstractFileCollection
instanceKlass org/gradle/api/internal/initialization/ResettableConfiguration
instanceKlass org/gradle/api/internal/artifacts/configurations/MutationValidator
instanceKlass org/gradle/api/internal/artifacts/configurations/ConfigurationInternal
instanceKlass org/gradle/internal/deprecation/DeprecatableConfiguration
instanceKlass org/gradle/api/artifacts/ComponentModuleMetadataDetails
instanceKlass org/gradle/api/artifacts/ComponentModuleMetadata
instanceKlass org/gradle/api/internal/artifacts/dsl/ComponentModuleMetadataContainer
instanceKlass org/gradle/api/internal/artifacts/dsl/ImmutableModuleReplacements
instanceKlass org/gradle/api/internal/artifacts/dsl/DefaultComponentModuleMetadataHandler
instanceKlass org/gradle/api/internal/provider/DefaultMapProperty$NoValueSupplier
instanceKlass org/gradle/api/internal/provider/ValidatingMapEntryCollector
instanceKlass org/gradle/api/internal/provider/DefaultMapProperty$EmptySupplier
instanceKlass org/gradle/api/internal/provider/MapSupplier
instanceKlass org/gradle/api/internal/provider/MapCollector
instanceKlass org/gradle/api/internal/provider/MapEntryCollector
instanceKlass org/gradle/api/internal/attributes/AttributeEntry
instanceKlass org/gradle/internal/component/external/model/ImmutableCapabilities
instanceKlass org/gradle/internal/component/external/model/AbstractConfigurationMetadata
instanceKlass org/gradle/internal/component/external/model/AbstractStatelessDerivationStrategy
instanceKlass org/gradle/api/internal/artifacts/dsl/MetadataRuleWrapper
instanceKlass org/gradle/api/artifacts/DependencyConstraintMetadata
instanceKlass org/gradle/api/internal/catalog/parser/StrictVersionParser
instanceKlass org/gradle/api/internal/notations/DependencyStringNotationConverter
instanceKlass org/gradle/api/internal/notations/DependencyMetadataNotationParser
instanceKlass org/gradle/api/internal/artifacts/repositories/resolver/AbstractDependencyImpl
instanceKlass org/gradle/api/artifacts/DirectDependencyMetadata
instanceKlass org/gradle/api/artifacts/DependencyMetadata
instanceKlass org/gradle/internal/rules/DefaultRuleActionAdapter
instanceKlass org/gradle/api/artifacts/maven/PomModuleDescriptor
instanceKlass org/gradle/api/artifacts/ivy/IvyModuleDescriptor
instanceKlass org/gradle/internal/rules/DefaultRuleActionValidator
instanceKlass org/gradle/api/internal/artifacts/dsl/ComponentMetadataRuleContainer
instanceKlass org/gradle/api/internal/artifacts/dsl/SpecConfigurableRule
instanceKlass org/gradle/internal/rules/SpecRuleAction
instanceKlass org/gradle/internal/rules/RuleAction
instanceKlass org/gradle/internal/component/external/model/VariantDerivationStrategy
instanceKlass org/gradle/api/internal/artifacts/ComponentMetadataProcessor
instanceKlass org/gradle/internal/rules/RuleActionAdapter
instanceKlass org/gradle/internal/rules/RuleActionValidator
instanceKlass org/gradle/internal/component/model/ModuleConfigurationMetadata
instanceKlass org/gradle/internal/component/model/VariantResolveMetadata
instanceKlass org/gradle/internal/component/external/model/ExternalModuleVariantGraphResolveMetadata
instanceKlass org/gradle/internal/component/model/ConfigurationGraphResolveMetadata
instanceKlass org/gradle/internal/component/external/model/ModuleDependencyMetadata
instanceKlass org/gradle/internal/component/model/ConfigurationMetadata
instanceKlass org/gradle/internal/component/external/model/AbstractRealisedModuleResolveMetadataSerializationHelper
instanceKlass org/gradle/internal/component/external/model/VirtualComponentIdentifier
instanceKlass org/gradle/internal/component/external/model/ModuleComponentResolveMetadata
instanceKlass org/gradle/api/internal/artifacts/transform/ConsumerProvidedVariantFinder$TransformCache
instanceKlass org/gradle/api/internal/artifacts/dsl/dependencies/GradlePluginVariantsSupport$TargetGradleVersionDisambiguationRule
instanceKlass org/gradle/api/internal/attributes/DefaultCompatibilityRuleChain$ExceptionHandler
instanceKlass org/gradle/api/internal/artifacts/dsl/dependencies/GradlePluginVariantsSupport$TargetGradleVersionCompatibilityRule
instanceKlass org/gradle/api/attributes/AttributeCompatibilityRule
instanceKlass org/gradle/api/attributes/plugin/GradlePluginApiVersion
instanceKlass org/gradle/api/internal/attributes/DefaultDisambiguationRuleChain$ExceptionHandler
instanceKlass org/gradle/internal/action/DefaultConfigurableRules
instanceKlass org/gradle/internal/action/ConfigurableRules
instanceKlass org/gradle/internal/action/InstantiatingAction
instanceKlass org/gradle/api/artifacts/CacheableRule
instanceKlass org/gradle/api/internal/DefaultActionConfiguration
instanceKlass org/gradle/internal/action/DefaultConfigurableRule
instanceKlass org/gradle/api/ActionConfiguration
instanceKlass org/gradle/api/internal/artifacts/dsl/dependencies/PlatformSupport$ComponentCategoryDisambiguationRule
instanceKlass org/gradle/api/attributes/AttributeDisambiguationRule
instanceKlass org/gradle/internal/action/ConfigurableRule
instanceKlass org/gradle/internal/action/InstantiatingAction$ExceptionHandler
instanceKlass org/objectweb/asm/signature/SignatureVisitor
instanceKlass org/gradle/api/internal/attributes/DefaultCompatibilityRuleChain
instanceKlass org/gradle/api/internal/attributes/DefaultDisambiguationRuleChain
instanceKlass org/gradle/api/internal/attributes/DefaultAttributeMatchingStrategy
instanceKlass org/gradle/api/internal/attributes/DefaultAttributesSchema
instanceKlass org/gradle/api/attributes/Category$Impl
instanceKlass org/gradle/api/attributes/Category
instanceKlass org/gradle/api/artifacts/transform/TransformParameters$None
instanceKlass org/gradle/api/artifacts/transform/TransformParameters
instanceKlass org/gradle/api/artifacts/transform/TransformAction
instanceKlass org/gradle/api/internal/artifacts/transform/DefaultVariantTransformRegistry
instanceKlass org/gradle/api/internal/artifacts/TransformRegistration
instanceKlass org/gradle/internal/properties/PropertyVisitor
instanceKlass org/gradle/api/internal/artifacts/transform/DefaultTransformRegistrationFactory
instanceKlass org/gradle/api/internal/artifacts/transform/DefaultTransformInvocationFactory
instanceKlass org/gradle/api/internal/artifacts/DefaultDependencyManagementServices$TransformGradleUserHomeServices$1
instanceKlass org/gradle/api/internal/artifacts/DependencyManagementGradleUserHomeScopeServices$3
instanceKlass org/gradle/cache/ManualEvictionInMemoryCache
instanceKlass org/gradle/cache/internal/DefaultCrossBuildInMemoryCacheFactory$CrossBuildCacheRetainingDataFromPreviousBuild
instanceKlass org/gradle/api/internal/artifacts/ivyservice/ivyresolve/ChangingValueDependencyResolutionListener$1
instanceKlass org/gradle/api/artifacts/component/ModuleComponentSelector
instanceKlass org/gradle/api/internal/artifacts/ivyservice/CacheExpirationControl$Expiry
instanceKlass org/gradle/api/internal/artifacts/ivyservice/ivyresolve/ChangingValueDependencyResolutionListener
instanceKlass org/gradle/internal/resolve/caching/CrossBuildCachingRuleExecutor$AnySerializer
instanceKlass org/gradle/internal/resolve/caching/CrossBuildCachingRuleExecutor$CachedEntry
instanceKlass org/gradle/api/internal/artifacts/ivyservice/CacheExpirationControl
instanceKlass org/gradle/internal/resolve/caching/CrossBuildCachingRuleExecutor$EntryValidator
instanceKlass org/gradle/api/artifacts/ResolvedModuleVersion
instanceKlass org/gradle/internal/resolve/caching/ImplicitInputRecorder
instanceKlass org/gradle/api/internal/artifacts/DependencyManagementBuildScopeServices$1
